line,sid,msg,rule
37,224,PROTOCOL-ICMP Stacheldraht server spoof,"alert icmp 3.3.3.3/32 any -> $EXTERNAL_NET any ( msg:""PROTOCOL-ICMP Stacheldraht server spoof""; icmp_id:666; itype:0; metadata:ruleset community; reference:cve,2000-0138; classtype:attempted-dos; sid:224; rev:10; )"
41,228,PROTOCOL-ICMP TFN client command BE,"alert icmp $EXTERNAL_NET any -> $HOME_NET any ( msg:""PROTOCOL-ICMP TFN client command BE""; icmp_id:456; icmp_seq:0; itype:0; pcre:""/^[0-9]{1,5}\x00/""; metadata:ruleset community; reference:cve,2000-0138; classtype:attempted-dos; sid:228; rev:11; )"
61,251,PROTOCOL-ICMP - TFN client command LE,"alert icmp $EXTERNAL_NET any -> $HOME_NET any ( msg:""PROTOCOL-ICMP - TFN client command LE""; icmp_id:51201; icmp_seq:0; itype:0; pcre:""/^[0-9]{1,5}\x00/""; metadata:ruleset community; reference:cve,2000-0138; classtype:attempted-dos; sid:251; rev:11; )"
76,271,SERVER-OTHER UDP echo+chargen bomb,"alert udp any 19 <> any 7 ( msg:""SERVER-OTHER UDP echo+chargen bomb""; flow:to_server; metadata:policy max-detect-ips drop,ruleset community; reference:cve,1999-0103; reference:cve,1999-0635; classtype:attempted-dos; sid:271; rev:12; )"
77,272,OS-WINDOWS Microsoft WIndows IGMP dos attack,"alert ip $EXTERNAL_NET any -> $HOME_NET any ( msg:""OS-WINDOWS Microsoft WIndows IGMP dos attack""; fragbits:M+; ip_proto:2; metadata:ruleset community; reference:bugtraq,514; reference:cve,1999-0918; reference:url,technet.microsoft.com/en-us/security/bulletin/MS99-034; classtype:attempted-dos; sid:272; rev:16; )"
82,279,SERVER-OTHER Bay/Nortel Nautica Marlin,"alert udp $EXTERNAL_NET any -> $HOME_NET 161 ( msg:""SERVER-OTHER Bay/Nortel Nautica Marlin""; flow:to_server; dsize:0; metadata:policy max-detect-ips drop,ruleset community; reference:bugtraq,1009; reference:cve,2000-0221; classtype:attempted-dos; sid:279; rev:11; )"
134,363,PROTOCOL-ICMP IRDP router advertisement,"alert icmp $EXTERNAL_NET any -> $HOME_NET any ( msg:""PROTOCOL-ICMP IRDP router advertisement""; itype:9; metadata:ruleset community; reference:bugtraq,578; reference:cve,1999-0875; classtype:misc-activity; sid:363; rev:11; )"
135,364,PROTOCOL-ICMP IRDP router selection,"alert icmp $EXTERNAL_NET any -> $HOME_NET any ( msg:""PROTOCOL-ICMP IRDP router selection""; itype:10; metadata:ruleset community; reference:bugtraq,578; reference:cve,1999-0875; classtype:misc-activity; sid:364; rev:11; )"
136,365,PROTOCOL-ICMP PING undefined code,"alert icmp $EXTERNAL_NET any -> $HOME_NET any ( msg:""PROTOCOL-ICMP PING undefined code""; icode:>0; itype:8; metadata:ruleset community; classtype:misc-activity; sid:365; rev:11; )"
145,375,PROTOCOL-ICMP PING LINUX/*BSD,"alert icmp $EXTERNAL_NET any -> $HOME_NET any ( msg:""PROTOCOL-ICMP PING LINUX/*BSD""; dsize:8; id:13170; itype:8; metadata:ruleset community; classtype:misc-activity; sid:375; rev:10; )"
151,381,PROTOCOL-ICMP PING Oracle Solaris,"alert icmp $EXTERNAL_NET any -> $HOME_NET any ( msg:""PROTOCOL-ICMP PING Oracle Solaris""; dsize:8; itype:8; metadata:ruleset community; classtype:misc-activity; sid:381; rev:11; )"
153,384,PROTOCOL-ICMP PING,"alert icmp $EXTERNAL_NET any -> $HOME_NET any ( msg:""PROTOCOL-ICMP PING""; icode:0; itype:8; metadata:ruleset community; classtype:misc-activity; sid:384; rev:8; )"
154,385,PROTOCOL-ICMP traceroute,"alert icmp $EXTERNAL_NET any -> $HOME_NET any ( msg:""PROTOCOL-ICMP traceroute""; itype:8; ttl:1; metadata:ruleset community; classtype:attempted-recon; sid:385; rev:8; )"
155,386,PROTOCOL-ICMP Address Mask Reply,"alert icmp $HOME_NET any -> $EXTERNAL_NET any ( msg:""PROTOCOL-ICMP Address Mask Reply""; icode:0; itype:18; metadata:ruleset community; classtype:misc-activity; sid:386; rev:8; )"
156,387,PROTOCOL-ICMP Address Mask Reply undefined code,"alert icmp $EXTERNAL_NET any -> $HOME_NET any ( msg:""PROTOCOL-ICMP Address Mask Reply undefined code""; icode:>0; itype:18; metadata:ruleset community; classtype:misc-activity; sid:387; rev:10; )"
157,388,PROTOCOL-ICMP Address Mask Request,"alert icmp $EXTERNAL_NET any -> $HOME_NET any ( msg:""PROTOCOL-ICMP Address Mask Request""; icode:0; itype:17; metadata:ruleset community; classtype:misc-activity; sid:388; rev:8; )"
158,389,PROTOCOL-ICMP Address Mask Request undefined code,"alert icmp $EXTERNAL_NET any -> $HOME_NET any ( msg:""PROTOCOL-ICMP Address Mask Request undefined code""; icode:>0; itype:17; metadata:ruleset community; classtype:misc-activity; sid:389; rev:10; )"
159,390,PROTOCOL-ICMP Alternate Host Address,"alert icmp $EXTERNAL_NET any -> $HOME_NET any ( msg:""PROTOCOL-ICMP Alternate Host Address""; icode:0; itype:6; metadata:ruleset community; classtype:misc-activity; sid:390; rev:8; )"
160,391,PROTOCOL-ICMP Alternate Host Address undefined code,"alert icmp $EXTERNAL_NET any -> $HOME_NET any ( msg:""PROTOCOL-ICMP Alternate Host Address undefined code""; icode:>0; itype:6; metadata:ruleset community; classtype:misc-activity; sid:391; rev:11; )"
161,392,PROTOCOL-ICMP Datagram Conversion Error,"alert icmp $EXTERNAL_NET any -> $HOME_NET any ( msg:""PROTOCOL-ICMP Datagram Conversion Error""; icode:0; itype:31; metadata:ruleset community; classtype:misc-activity; sid:392; rev:8; )"
162,393,PROTOCOL-ICMP Datagram Conversion Error undefined code,"alert icmp $EXTERNAL_NET any -> $HOME_NET any ( msg:""PROTOCOL-ICMP Datagram Conversion Error undefined code""; icode:>0; itype:31; metadata:ruleset community; classtype:misc-activity; sid:393; rev:11; )"
163,394,PROTOCOL-ICMP Destination Unreachable Destination Host Unknown,"alert icmp $EXTERNAL_NET any -> $HOME_NET any ( msg:""PROTOCOL-ICMP Destination Unreachable Destination Host Unknown""; icode:7; itype:3; metadata:ruleset community; classtype:misc-activity; sid:394; rev:9; )"
164,395,PROTOCOL-ICMP Destination Unreachable Destination Network Unknown,"alert icmp $EXTERNAL_NET any -> $HOME_NET any ( msg:""PROTOCOL-ICMP Destination Unreachable Destination Network Unknown""; icode:6; itype:3; metadata:ruleset community; classtype:misc-activity; sid:395; rev:9; )"
165,396,PROTOCOL-ICMP Destination Unreachable Fragmentation Needed and DF bit was set,"alert icmp $EXTERNAL_NET any -> $HOME_NET any ( msg:""PROTOCOL-ICMP Destination Unreachable Fragmentation Needed and DF bit was set""; icode:4; itype:3; metadata:policy max-detect-ips drop,ruleset community; reference:cve,2004-0790; reference:cve,2005-0068; reference:cve,2015-7759; classtype:misc-activity; sid:396; rev:12; )"
166,397,PROTOCOL-ICMP Destination Unreachable Host Precedence Violation,"alert icmp $EXTERNAL_NET any -> $HOME_NET any ( msg:""PROTOCOL-ICMP Destination Unreachable Host Precedence Violation""; icode:14; itype:3; metadata:ruleset community; classtype:misc-activity; sid:397; rev:9; )"
167,398,PROTOCOL-ICMP Destination Unreachable Host Unreachable for Type of Service,"alert icmp $EXTERNAL_NET any -> $HOME_NET any ( msg:""PROTOCOL-ICMP Destination Unreachable Host Unreachable for Type of Service""; icode:12; itype:3; metadata:ruleset community; classtype:misc-activity; sid:398; rev:9; )"
168,399,PROTOCOL-ICMP Destination Unreachable Host Unreachable,"alert icmp $EXTERNAL_NET any -> $HOME_NET any ( msg:""PROTOCOL-ICMP Destination Unreachable Host Unreachable""; icode:1; itype:3; metadata:ruleset community; classtype:misc-activity; sid:399; rev:9; )"
169,400,PROTOCOL-ICMP Destination Unreachable Network Unreachable for Type of Service,"alert icmp $EXTERNAL_NET any -> $HOME_NET any ( msg:""PROTOCOL-ICMP Destination Unreachable Network Unreachable for Type of Service""; icode:11; itype:3; metadata:ruleset community; classtype:misc-activity; sid:400; rev:10; )"
170,401,PROTOCOL-ICMP Destination Unreachable Network Unreachable,"alert icmp $EXTERNAL_NET any -> $HOME_NET any ( msg:""PROTOCOL-ICMP Destination Unreachable Network Unreachable""; icode:0; itype:3; metadata:ruleset community; classtype:misc-activity; sid:401; rev:9; )"
171,402,PROTOCOL-ICMP destination unreachable port unreachable packet detected,"alert icmp $EXTERNAL_NET any -> $HOME_NET any ( msg:""PROTOCOL-ICMP destination unreachable port unreachable packet detected""; icode:3; itype:3; metadata:policy max-detect-ips drop,ruleset community; reference:cve,2004-0790; reference:cve,2005-0068; classtype:misc-activity; sid:402; rev:16; )"
172,403,PROTOCOL-ICMP Destination Unreachable Precedence Cutoff in effect,"alert icmp $EXTERNAL_NET any -> $HOME_NET any ( msg:""PROTOCOL-ICMP Destination Unreachable Precedence Cutoff in effect""; icode:15; itype:3; metadata:ruleset community; classtype:misc-activity; sid:403; rev:9; )"
173,404,PROTOCOL-ICMP Destination Unreachable Protocol Unreachable,"alert icmp $EXTERNAL_NET any -> $HOME_NET any ( msg:""PROTOCOL-ICMP Destination Unreachable Protocol Unreachable""; icode:2; itype:3; metadata:policy max-detect-ips drop,ruleset community; reference:cve,2004-0790; reference:cve,2005-0068; classtype:misc-activity; sid:404; rev:14; )"
174,405,PROTOCOL-ICMP Destination Unreachable Source Host Isolated,"alert icmp $EXTERNAL_NET any -> $HOME_NET any ( msg:""PROTOCOL-ICMP Destination Unreachable Source Host Isolated""; icode:8; itype:3; metadata:ruleset community; classtype:misc-activity; sid:405; rev:9; )"
175,406,PROTOCOL-ICMP Destination Unreachable Source Route Failed,"alert icmp $EXTERNAL_NET any -> $HOME_NET any ( msg:""PROTOCOL-ICMP Destination Unreachable Source Route Failed""; icode:5; itype:3; metadata:ruleset community; classtype:misc-activity; sid:406; rev:9; )"
176,407,PROTOCOL-ICMP Destination Unreachable cndefined code,"alert icmp $EXTERNAL_NET any -> $HOME_NET any ( msg:""PROTOCOL-ICMP Destination Unreachable cndefined code""; icode:>15; itype:3; metadata:ruleset community; classtype:misc-activity; sid:407; rev:10; )"
177,408,PROTOCOL-ICMP Echo Reply,"alert icmp $EXTERNAL_NET any -> $HOME_NET any ( msg:""PROTOCOL-ICMP Echo Reply""; icode:0; itype:0; metadata:ruleset community; classtype:misc-activity; sid:408; rev:8; )"
178,409,PROTOCOL-ICMP Echo Reply undefined code,"alert icmp $EXTERNAL_NET any -> $HOME_NET any ( msg:""PROTOCOL-ICMP Echo Reply undefined code""; icode:>0; itype:0; metadata:ruleset community; classtype:misc-activity; sid:409; rev:10; )"
179,410,PROTOCOL-ICMP Fragment Reassembly Time Exceeded,"alert icmp $EXTERNAL_NET any -> $HOME_NET any ( msg:""PROTOCOL-ICMP Fragment Reassembly Time Exceeded""; icode:1; itype:11; metadata:ruleset community; classtype:misc-activity; sid:410; rev:8; )"
180,411,PROTOCOL-ICMP IPV6 I-Am-Here,"alert icmp $EXTERNAL_NET any -> $HOME_NET any ( msg:""PROTOCOL-ICMP IPV6 I-Am-Here""; icode:0; itype:34; metadata:ruleset community; classtype:misc-activity; sid:411; rev:8; )"
181,412,PROTOCOL-ICMP IPV6 I-Am-Here undefined code,"alert icmp $EXTERNAL_NET any -> $HOME_NET any ( msg:""PROTOCOL-ICMP IPV6 I-Am-Here undefined code""; icode:>0; itype:34; metadata:ruleset community; classtype:misc-activity; sid:412; rev:10; )"
182,413,PROTOCOL-ICMP IPV6 Where-Are-You,"alert icmp $EXTERNAL_NET any -> $HOME_NET any ( msg:""PROTOCOL-ICMP IPV6 Where-Are-You""; icode:0; itype:33; metadata:ruleset community; classtype:misc-activity; sid:413; rev:8; )"
183,414,PROTOCOL-ICMP IPV6 Where-Are-You undefined code,"alert icmp $EXTERNAL_NET any -> $HOME_NET any ( msg:""PROTOCOL-ICMP IPV6 Where-Are-You undefined code""; icode:>0; itype:33; metadata:ruleset community; classtype:misc-activity; sid:414; rev:10; )"
184,415,PROTOCOL-ICMP Information Reply,"alert icmp $HOME_NET any -> $EXTERNAL_NET any ( msg:""PROTOCOL-ICMP Information Reply""; icode:0; itype:16; metadata:ruleset community; classtype:misc-activity; sid:415; rev:8; )"
185,416,PROTOCOL-ICMP Information Reply undefined code,"alert icmp $HOME_NET any -> $EXTERNAL_NET any ( msg:""PROTOCOL-ICMP Information Reply undefined code""; icode:>0; itype:16; metadata:ruleset community; classtype:misc-activity; sid:416; rev:10; )"
186,417,PROTOCOL-ICMP Information Request,"alert icmp $EXTERNAL_NET any -> $HOME_NET any ( msg:""PROTOCOL-ICMP Information Request""; icode:0; itype:15; metadata:ruleset community; classtype:misc-activity; sid:417; rev:8; )"
187,418,PROTOCOL-ICMP Information Request undefined code,"alert icmp $EXTERNAL_NET any -> $HOME_NET any ( msg:""PROTOCOL-ICMP Information Request undefined code""; icode:>0; itype:15; metadata:ruleset community; classtype:misc-activity; sid:418; rev:10; )"
188,419,PROTOCOL-ICMP Mobile Host Redirect,"alert icmp $EXTERNAL_NET any -> $HOME_NET any ( msg:""PROTOCOL-ICMP Mobile Host Redirect""; icode:0; itype:32; metadata:ruleset community; classtype:misc-activity; sid:419; rev:8; )"
189,420,PROTOCOL-ICMP Mobile Host Redirect undefined code,"alert icmp $EXTERNAL_NET any -> $HOME_NET any ( msg:""PROTOCOL-ICMP Mobile Host Redirect undefined code""; icode:>0; itype:32; metadata:ruleset community; classtype:misc-activity; sid:420; rev:10; )"
190,421,PROTOCOL-ICMP Mobile Registration Reply,"alert icmp $EXTERNAL_NET any -> $HOME_NET any ( msg:""PROTOCOL-ICMP Mobile Registration Reply""; icode:0; itype:36; metadata:ruleset community; classtype:misc-activity; sid:421; rev:8; )"
191,422,PROTOCOL-ICMP Mobile Registration Reply undefined code,"alert icmp $EXTERNAL_NET any -> $HOME_NET any ( msg:""PROTOCOL-ICMP Mobile Registration Reply undefined code""; icode:>0; itype:36; metadata:ruleset community; classtype:misc-activity; sid:422; rev:10; )"
192,423,PROTOCOL-ICMP Mobile Registration Request,"alert icmp $EXTERNAL_NET any -> $HOME_NET any ( msg:""PROTOCOL-ICMP Mobile Registration Request""; icode:0; itype:35; metadata:ruleset community; classtype:misc-activity; sid:423; rev:8; )"
193,424,PROTOCOL-ICMP Mobile Registration Request undefined code,"alert icmp $EXTERNAL_NET any -> $HOME_NET any ( msg:""PROTOCOL-ICMP Mobile Registration Request undefined code""; icode:>0; itype:35; metadata:ruleset community; classtype:misc-activity; sid:424; rev:10; )"
194,425,PROTOCOL-ICMP Parameter Problem Bad Length,"alert icmp $EXTERNAL_NET any -> $HOME_NET any ( msg:""PROTOCOL-ICMP Parameter Problem Bad Length""; icode:2; itype:12; metadata:ruleset community; classtype:misc-activity; sid:425; rev:9; )"
195,426,PROTOCOL-ICMP Parameter Problem Missing a Required Option,"alert icmp $EXTERNAL_NET any -> $HOME_NET any ( msg:""PROTOCOL-ICMP Parameter Problem Missing a Required Option""; icode:1; itype:12; metadata:ruleset community; classtype:misc-activity; sid:426; rev:10; )"
196,427,PROTOCOL-ICMP Parameter Problem Unspecified Error,"alert icmp $EXTERNAL_NET any -> $HOME_NET any ( msg:""PROTOCOL-ICMP Parameter Problem Unspecified Error""; icode:0; itype:12; metadata:ruleset community; classtype:misc-activity; sid:427; rev:9; )"
197,428,PROTOCOL-ICMP Parameter Problem undefined Code,"alert icmp $EXTERNAL_NET any -> $HOME_NET any ( msg:""PROTOCOL-ICMP Parameter Problem undefined Code""; icode:>2; itype:12; metadata:ruleset community; classtype:misc-activity; sid:428; rev:10; )"
198,429,PROTOCOL-ICMP Photuris Reserved,"alert icmp $EXTERNAL_NET any -> $HOME_NET any ( msg:""PROTOCOL-ICMP Photuris Reserved""; icode:0; itype:40; metadata:ruleset community; classtype:misc-activity; sid:429; rev:9; )"
199,430,PROTOCOL-ICMP Photuris Unknown Security Parameters Index,"alert icmp $EXTERNAL_NET any -> $HOME_NET any ( msg:""PROTOCOL-ICMP Photuris Unknown Security Parameters Index""; icode:1; itype:40; metadata:ruleset community; classtype:misc-activity; sid:430; rev:9; )"
200,431,"PROTOCOL-ICMP Photuris Valid Security Parameters, But Authentication Failed","alert icmp $EXTERNAL_NET any -> $HOME_NET any ( msg:""PROTOCOL-ICMP Photuris Valid Security Parameters, But Authentication Failed""; icode:2; itype:40; metadata:ruleset community; classtype:misc-activity; sid:431; rev:9; )"
201,432,"PROTOCOL-ICMP Photuris Valid Security Parameters, But Decryption Failed","alert icmp $EXTERNAL_NET any -> $HOME_NET any ( msg:""PROTOCOL-ICMP Photuris Valid Security Parameters, But Decryption Failed""; icode:3; itype:40; metadata:ruleset community; classtype:misc-activity; sid:432; rev:9; )"
202,433,PROTOCOL-ICMP Photuris undefined code!,"alert icmp $EXTERNAL_NET any -> $HOME_NET any ( msg:""PROTOCOL-ICMP Photuris undefined code!""; icode:>3; itype:40; metadata:ruleset community; classtype:misc-activity; sid:433; rev:11; )"
203,436,PROTOCOL-ICMP Redirect for TOS and Host,"alert icmp $EXTERNAL_NET any -> $HOME_NET any ( msg:""PROTOCOL-ICMP Redirect for TOS and Host""; icode:3; itype:5; metadata:ruleset community; reference:cve,1999-0265; classtype:misc-activity; sid:436; rev:10; )"
204,437,PROTOCOL-ICMP Redirect for TOS and Network,"alert icmp $EXTERNAL_NET any -> $HOME_NET any ( msg:""PROTOCOL-ICMP Redirect for TOS and Network""; icode:2; itype:5; metadata:ruleset community; reference:cve,1999-0265; classtype:misc-activity; sid:437; rev:10; )"
205,438,PROTOCOL-ICMP Redirect undefined code,"alert icmp $EXTERNAL_NET any -> $HOME_NET any ( msg:""PROTOCOL-ICMP Redirect undefined code""; icode:>3; itype:5; metadata:ruleset community; reference:cve,1999-0265; classtype:misc-activity; sid:438; rev:13; )"
206,439,PROTOCOL-ICMP Reserved for Security Type 19,"alert icmp $EXTERNAL_NET any -> $HOME_NET any ( msg:""PROTOCOL-ICMP Reserved for Security Type 19""; icode:0; itype:19; metadata:ruleset community; classtype:misc-activity; sid:439; rev:9; )"
207,440,PROTOCOL-ICMP Reserved for Security Type 19 undefined code,"alert icmp $EXTERNAL_NET any -> $HOME_NET any ( msg:""PROTOCOL-ICMP Reserved for Security Type 19 undefined code""; icode:>0; itype:19; metadata:ruleset community; classtype:misc-activity; sid:440; rev:10; )"
208,441,PROTOCOL-ICMP Router Advertisement,"alert icmp $EXTERNAL_NET any -> $HOME_NET any ( msg:""PROTOCOL-ICMP Router Advertisement""; icode:0; itype:9; metadata:ruleset community; classtype:misc-activity; sid:441; rev:10; )"
209,443,PROTOCOL-ICMP Router Selection,"alert icmp $EXTERNAL_NET any -> $HOME_NET any ( msg:""PROTOCOL-ICMP Router Selection""; icode:0; itype:10; metadata:ruleset community; classtype:misc-activity; sid:443; rev:9; )"
210,445,PROTOCOL-ICMP SKIP,"alert icmp $EXTERNAL_NET any -> $HOME_NET any ( msg:""PROTOCOL-ICMP SKIP""; icode:0; itype:39; metadata:ruleset community; classtype:misc-activity; sid:445; rev:8; )"
211,446,PROTOCOL-ICMP SKIP undefined code,"alert icmp $EXTERNAL_NET any -> $HOME_NET any ( msg:""PROTOCOL-ICMP SKIP undefined code""; icode:>0; itype:39; metadata:ruleset community; classtype:misc-activity; sid:446; rev:10; )"
212,448,PROTOCOL-ICMP Source Quench undefined code,"alert icmp $EXTERNAL_NET any -> $HOME_NET any ( msg:""PROTOCOL-ICMP Source Quench undefined code""; icode:>0; itype:4; metadata:ruleset community; classtype:misc-activity; sid:448; rev:10; )"
213,449,PROTOCOL-ICMP Time-To-Live Exceeded in Transit,"alert icmp $HOME_NET any -> $EXTERNAL_NET any ( msg:""PROTOCOL-ICMP Time-To-Live Exceeded in Transit""; icode:0; itype:11; metadata:ruleset community; classtype:misc-activity; sid:449; rev:9; )"
214,450,PROTOCOL-ICMP Time-To-Live Exceeded in Transit undefined code,"alert icmp $HOME_NET any -> $EXTERNAL_NET any ( msg:""PROTOCOL-ICMP Time-To-Live Exceeded in Transit undefined code""; icode:>1; itype:11; metadata:ruleset community; classtype:misc-activity; sid:450; rev:11; )"
215,451,PROTOCOL-ICMP Timestamp Reply,"alert icmp $EXTERNAL_NET any -> $HOME_NET any ( msg:""PROTOCOL-ICMP Timestamp Reply""; icode:0; itype:14; metadata:ruleset community; classtype:misc-activity; sid:451; rev:8; )"
216,452,PROTOCOL-ICMP Timestamp Reply undefined code,"alert icmp $EXTERNAL_NET any -> $HOME_NET any ( msg:""PROTOCOL-ICMP Timestamp Reply undefined code""; icode:>0; itype:14; metadata:ruleset community; classtype:misc-activity; sid:452; rev:10; )"
217,453,PROTOCOL-ICMP Timestamp Request,"alert icmp $EXTERNAL_NET any -> $HOME_NET any ( msg:""PROTOCOL-ICMP Timestamp Request""; icode:0; itype:13; metadata:ruleset community; classtype:misc-activity; sid:453; rev:8; )"
218,454,PROTOCOL-ICMP Timestamp Request undefined code,"alert icmp $EXTERNAL_NET any -> $HOME_NET any ( msg:""PROTOCOL-ICMP Timestamp Request undefined code""; icode:>0; itype:13; metadata:ruleset community; classtype:misc-activity; sid:454; rev:10; )"
219,456,PROTOCOL-ICMP Traceroute,"alert icmp $EXTERNAL_NET any -> $HOME_NET any ( msg:""PROTOCOL-ICMP Traceroute""; icode:0; itype:30; metadata:ruleset community; classtype:misc-activity; sid:456; rev:8; )"
220,457,PROTOCOL-ICMP Traceroute undefined code,"alert icmp $EXTERNAL_NET any -> $HOME_NET any ( msg:""PROTOCOL-ICMP Traceroute undefined code""; icode:>0; itype:30; metadata:ruleset community; classtype:misc-activity; sid:457; rev:10; )"
221,458,PROTOCOL-ICMP unassigned type 1,"alert icmp $EXTERNAL_NET any -> $HOME_NET any ( msg:""PROTOCOL-ICMP unassigned type 1""; icode:0; itype:1; metadata:ruleset community; classtype:misc-activity; sid:458; rev:12; )"
222,459,PROTOCOL-ICMP unassigned type 1 undefined code,"alert icmp $EXTERNAL_NET any -> $HOME_NET any ( msg:""PROTOCOL-ICMP unassigned type 1 undefined code""; itype:1; metadata:ruleset community; classtype:misc-activity; sid:459; rev:12; )"
223,460,PROTOCOL-ICMP unassigned type 2,"alert icmp $EXTERNAL_NET any -> $HOME_NET any ( msg:""PROTOCOL-ICMP unassigned type 2""; icode:0; itype:2; metadata:ruleset community; classtype:misc-activity; sid:460; rev:12; )"
224,461,PROTOCOL-ICMP unassigned type 2 undefined code,"alert icmp $EXTERNAL_NET any -> $HOME_NET any ( msg:""PROTOCOL-ICMP unassigned type 2 undefined code""; itype:2; metadata:ruleset community; classtype:misc-activity; sid:461; rev:12; )"
225,462,PROTOCOL-ICMP unassigned type 7,"alert icmp $EXTERNAL_NET any -> $HOME_NET any ( msg:""PROTOCOL-ICMP unassigned type 7""; icode:0; itype:7; metadata:ruleset community; classtype:misc-activity; sid:462; rev:12; )"
226,463,PROTOCOL-ICMP unassigned type 7 undefined code,"alert icmp $EXTERNAL_NET any -> $HOME_NET any ( msg:""PROTOCOL-ICMP unassigned type 7 undefined code""; itype:7; metadata:ruleset community; reference:cve,1999-0454; classtype:misc-activity; sid:463; rev:14; )"
316,613,INDICATOR-SCAN myscan,"alert tcp $EXTERNAL_NET 10101 -> $HOME_NET any ( msg:""INDICATOR-SCAN myscan""; flow:stateless; ack:0; flags:S; ttl:>220; metadata:ruleset community; reference:url,attack.mitre.org/techniques/T1018; reference:url,attack.mitre.org/techniques/T1040; reference:url,attack.mitre.org/techniques/T1046; classtype:attempted-recon; sid:613; rev:11; )"
319,619,INDICATOR-SCAN cybercop os probe,"alert tcp $EXTERNAL_NET any -> $HOME_NET 80 ( msg:""INDICATOR-SCAN cybercop os probe""; flow:stateless; isdataat:!0; flags:12FS; metadata:ruleset community; reference:url,attack.mitre.org/techniques/T1018; reference:url,attack.mitre.org/techniques/T1040; reference:url,attack.mitre.org/techniques/T1046; classtype:attempted-recon; sid:619; rev:12; )"
320,622,INDICATOR-SCAN ipEye SYN scan,"alert tcp $EXTERNAL_NET any -> $HOME_NET any ( msg:""INDICATOR-SCAN ipEye SYN scan""; flow:stateless; flags:S; seq:1958810375; metadata:ruleset community; reference:url,attack.mitre.org/techniques/T1018; reference:url,attack.mitre.org/techniques/T1040; reference:url,attack.mitre.org/techniques/T1046; classtype:attempted-recon; sid:622; rev:12; )"
323,630,INDICATOR-SCAN synscan portscan,"alert tcp $EXTERNAL_NET any -> $HOME_NET any ( msg:""INDICATOR-SCAN synscan portscan""; flow:stateless; flags:FS; id:39426; metadata:ruleset community; reference:url,attack.mitre.org/techniques/T1018; reference:url,attack.mitre.org/techniques/T1040; reference:url,attack.mitre.org/techniques/T1046; classtype:attempted-recon; sid:630; rev:11; )"
790,1257,SERVER-OTHER Winnuke attack,"alert tcp $EXTERNAL_NET any -> $HOME_NET 135:139 ( msg:""SERVER-OTHER Winnuke attack""; flow:stateless; flags:U+; metadata:ruleset community; reference:bugtraq,2010; reference:cve,1999-0153; classtype:attempted-dos; sid:1257; rev:15; )"
863,1408,SERVER-OTHER MSDTC attempt,"alert tcp $EXTERNAL_NET any -> $HOME_NET 3372 ( msg:""SERVER-OTHER MSDTC attempt""; flow:to_server,established; isdataat:1023; metadata:ruleset community; reference:bugtraq,4006; reference:cve,2002-0224; reference:nessus,10939; classtype:attempted-dos; sid:1408; rev:17; )"
870,1415,PROTOCOL-SNMP Broadcast request,"alert udp any any -> 255.255.255.255 161 ( msg:""PROTOCOL-SNMP Broadcast request""; flow:to_server; metadata:policy max-detect-ips drop,ruleset community; service:snmp; reference:bugtraq,4088; reference:bugtraq,4089; reference:bugtraq,4132; reference:cve,2002-0012; reference:cve,2002-0013; classtype:attempted-recon; sid:1415; rev:18; )"
871,1416,PROTOCOL-SNMP broadcast trap,"alert udp any any -> 255.255.255.255 162 ( msg:""PROTOCOL-SNMP broadcast trap""; flow:to_server; metadata:policy max-detect-ips drop,ruleset community; service:snmp; reference:bugtraq,4088; reference:bugtraq,4089; reference:bugtraq,4132; reference:cve,2002-0012; reference:cve,2002-0013; classtype:attempted-recon; sid:1416; rev:18; )"
872,1417,PROTOCOL-SNMP request udp,"alert udp $EXTERNAL_NET any -> $HOME_NET 161 ( msg:""PROTOCOL-SNMP request udp""; flow:to_server; metadata:policy max-detect-ips drop,ruleset community; service:snmp; reference:bugtraq,4088; reference:bugtraq,4089; reference:bugtraq,4132; reference:cve,2002-0012; reference:cve,2002-0013; classtype:attempted-recon; sid:1417; rev:18; )"
873,1418,PROTOCOL-SNMP request tcp,"alert tcp $EXTERNAL_NET any -> $HOME_NET 161 ( msg:""PROTOCOL-SNMP request tcp""; flow:stateless; metadata:policy max-detect-ips drop,ruleset community; service:snmp; reference:bugtraq,4088; reference:bugtraq,4089; reference:bugtraq,4132; reference:cve,2002-0012; reference:cve,2002-0013; classtype:attempted-recon; sid:1418; rev:19; )"
874,1419,PROTOCOL-SNMP trap udp,"alert udp $EXTERNAL_NET any -> $HOME_NET 162 ( msg:""PROTOCOL-SNMP trap udp""; flow:to_server; metadata:policy max-detect-ips drop,ruleset community; service:snmp; reference:bugtraq,4088; reference:bugtraq,4089; reference:bugtraq,4132; reference:cve,2002-0012; reference:cve,2002-0013; classtype:attempted-recon; sid:1419; rev:18; )"
875,1420,PROTOCOL-SNMP trap tcp,"alert tcp $EXTERNAL_NET any -> $HOME_NET 162 ( msg:""PROTOCOL-SNMP trap tcp""; flow:stateless; metadata:policy max-detect-ips drop,ruleset community; service:snmp; reference:bugtraq,4088; reference:bugtraq,4089; reference:bugtraq,4132; reference:cve,2002-0012; reference:cve,2002-0013; classtype:attempted-recon; sid:1420; rev:19; )"
876,1421,PROTOCOL-SNMP AgentX/tcp request,"alert tcp $EXTERNAL_NET any -> $HOME_NET 705 ( msg:""PROTOCOL-SNMP AgentX/tcp request""; flow:stateless; metadata:policy max-detect-ips drop,ruleset community; service:snmp; reference:bugtraq,4088; reference:bugtraq,4089; reference:bugtraq,4132; reference:cve,2002-0012; reference:cve,2002-0013; classtype:attempted-recon; sid:1421; rev:19; )"
1073,1641,SERVER-OTHER DB2 dos attempt,"alert tcp $EXTERNAL_NET any -> $HOME_NET 6789:6790 ( msg:""SERVER-OTHER DB2 dos attempt""; flow:to_server,established; isdataat:0; isdataat:!1; metadata:ruleset community; reference:bugtraq,3010; reference:cve,2001-1143; reference:nessus,10871; classtype:denial-of-service; sid:1641; rev:16; )"
1791,2462,SERVER-OTHER Ethereal IGMP IGAP account overflow attempt,"alert ip any any -> any any ( msg:""SERVER-OTHER Ethereal IGMP IGAP account overflow attempt""; ip_proto:2; byte_test:1,>,63,0; byte_test:1,<,67,0; byte_test:1,>,16,12; metadata:ruleset community; reference:bugtraq,9952; reference:cve,2004-0176; reference:cve,2004-0367; classtype:attempted-admin; sid:2462; rev:10; )"
1792,2463,SERVER-OTHER Ethereal IGMP IGAP message overflow attempt,"alert ip any any -> any any ( msg:""SERVER-OTHER Ethereal IGMP IGAP message overflow attempt""; ip_proto:2; byte_test:1,>,63,0; byte_test:1,<,67,0; byte_test:1,>,64,13; metadata:ruleset community; reference:bugtraq,9952; reference:cve,2004-0176; reference:cve,2004-0367; classtype:attempted-admin; sid:2463; rev:10; )"
1793,2464,SERVER-OTHER Ethereal EIGRP prefix length overflow attempt,"alert ip any any -> any any ( msg:""SERVER-OTHER Ethereal EIGRP prefix length overflow attempt""; ip_proto:88; byte_test:1,>,32,44; metadata:ruleset community; reference:bugtraq,9952; reference:cve,2004-0176; reference:cve,2004-0367; classtype:attempted-admin; sid:2464; rev:10; )"
1802,2508,OS-WINDOWS DCERPC NCACN-IP-TCP lsass DsRolerUpgradeDownlevelServer overflow attempt,"alert tcp $EXTERNAL_NET any -> $HOME_NET [135,139,445,593,1024:] ( msg:""OS-WINDOWS DCERPC NCACN-IP-TCP lsass DsRolerUpgradeDownlevelServer overflow attempt""; flow:to_server,established; dce_iface:uuid 3919286a-b10c-11d0-9ba8-00c04fd92ef5; dce_opnum:""9""; dce_stub_data; byte_test:4,>,256,0,dce; metadata:policy max-detect-ips drop,ruleset community; service:netbios-ssn; reference:bugtraq,10108; reference:cve,2003-0533; reference:nessus,12205; reference:url,technet.microsoft.com/en-us/security/bulletin/MS04-011; classtype:attempted-admin; sid:2508; rev:24; )"
1803,2511,OS-WINDOWS DCERPC NCADG-IP-UDP lsass DsRolerUpgradeDownlevelServer overflow attempt,"alert udp $EXTERNAL_NET any -> $HOME_NET [135,138,1024:] ( msg:""OS-WINDOWS DCERPC NCADG-IP-UDP lsass DsRolerUpgradeDownlevelServer overflow attempt""; dce_iface:uuid 3919286a-b10c-11d0-9ba8-00c04fd92ef5; dce_opnum:""9""; dce_stub_data; byte_test:4,>,256,0,dce; metadata:policy max-detect-ips drop,ruleset community; service:netbios-dgm; reference:bugtraq,10108; reference:cve,2003-0533; reference:nessus,12205; reference:url,technet.microsoft.com/en-us/security/bulletin/MS04-011; classtype:attempted-admin; sid:2511; rev:22; )"
1804,2523,SERVER-OTHER BGP spoofed connection reset attempt,"alert tcp $EXTERNAL_NET any <> $HOME_NET 179 ( msg:""SERVER-OTHER BGP spoofed connection reset attempt""; flow:established,no_stream; flags:FRS*; detection_filter:track by_dst,count 10,seconds 10; metadata:ruleset community; reference:bugtraq,10183; reference:cve,2004-0230; reference:url,www.uniras.gov.uk/vuls/2004/236929/index.htm; classtype:attempted-dos; sid:2523; rev:15; )"
2135,2921,PROTOCOL-DNS UDP inverse query,"alert udp $EXTERNAL_NET any -> $HOME_NET 53 ( msg:""PROTOCOL-DNS UDP inverse query""; flow:to_server; byte_test:1,<,16,2; byte_test:1,&,8,2; metadata:policy max-detect-ips drop,ruleset community; service:dns; reference:bugtraq,2321; reference:cve,2001-0012; reference:nessus,10605; classtype:attempted-recon; sid:2921; rev:12; )"
2136,2922,PROTOCOL-DNS TCP inverse query,"alert tcp $EXTERNAL_NET any -> $HOME_NET 53 ( msg:""PROTOCOL-DNS TCP inverse query""; flow:to_server,established; byte_test:1,<,16,4; byte_test:1,&,8,4; metadata:policy max-detect-ips drop,ruleset community; service:dns; reference:bugtraq,2321; reference:cve,2001-0012; reference:nessus,10605; classtype:attempted-recon; sid:2922; rev:12; )"
2142,2942,NETBIOS DCERPC NCACN-IP-TCP winreg InitiateSystemShutdown attempt,"alert tcp $EXTERNAL_NET any -> $HOME_NET [139,445] ( msg:""NETBIOS DCERPC NCACN-IP-TCP winreg InitiateSystemShutdown attempt""; flow:to_server,established; dce_iface:uuid 338cd001-2244-31f1-aaaa-900038001003; dce_opnum:""24""; metadata:ruleset community; service:netbios-ssn; reference:url,msdn.microsoft.com/library/default.asp?url=/library/en-us/shutdown/base/initiatesystemshutdown.asp; classtype:protocol-command-decode; sid:2942; rev:14; )"
2154,3017,OS-WINDOWS Microsoft Windows WINS overflow attempt,"alert tcp $EXTERNAL_NET any -> $HOME_NET 42 ( msg:""OS-WINDOWS Microsoft Windows WINS overflow attempt""; flow:to_server,established; byte_test:1,&,64,6; byte_test:1,&,32,6; byte_test:1,&,16,6; byte_test:1,&,8,6; pcre:!""/^.{8}(\x05\x37(\x1E[\x90-\xFF]|[\x1F-\x2F].|\x30[\x00-\x70])|\x00\x00\x00[\x00-\x65]|\x02\x68\x05\xC0)/s""; metadata:policy max-detect-ips drop,ruleset community; service:wins; reference:bugtraq,11763; reference:cve,2004-0567; reference:cve,2004-1080; reference:url,technet.microsoft.com/en-us/security/bulletin/MS04-045; reference:url,www.immunitysec.com/downloads/instantanea.pdf; classtype:misc-attack; sid:3017; rev:17; )"
2224,3114,OS-WINDOWS DCERPC NCACN-IP-TCP llsrpc LlsrConnect overflow attempt,"alert tcp $EXTERNAL_NET any -> $HOME_NET [139,445] ( msg:""OS-WINDOWS DCERPC NCACN-IP-TCP llsrpc LlsrConnect overflow attempt""; flow:to_server,established; dce_iface:uuid 342cfd40-3c6c-11ce-a893-08002b2e9c6d; dce_opnum:""0""; dce_stub_data; byte_test:4,>,52,0,dce; metadata:policy max-detect-ips drop,policy security-ips drop,ruleset community; service:netbios-ssn; reference:bugtraq,12481; reference:cve,2005-0050; reference:url,technet.microsoft.com/en-us/security/bulletin/ms05-010; classtype:attempted-admin; sid:3114; rev:20; )"
2248,3153,PROTOCOL-DNS TCP inverse query overflow,"alert tcp $EXTERNAL_NET any -> $HOME_NET 53 ( msg:""PROTOCOL-DNS TCP inverse query overflow""; flow:to_server,established; byte_test:1,<,16,4; byte_test:1,&,8,4; isdataat:400; metadata:ruleset community; service:dns; reference:bugtraq,134; reference:cve,1999-0009; classtype:attempted-admin; sid:3153; rev:9; )"
2249,3154,PROTOCOL-DNS UDP inverse query overflow,"alert udp $EXTERNAL_NET any -> $HOME_NET 53 ( msg:""PROTOCOL-DNS UDP inverse query overflow""; flow:to_server; isdataat:400; byte_test:1,<,16,2; byte_test:1,&,8,2; metadata:policy max-detect-ips drop,ruleset community; service:dns; reference:bugtraq,134; reference:cve,1999-0009; classtype:attempted-admin; sid:3154; rev:12; )"
2253,3171,OS-WINDOWS DCERPC NCADG-IP-UDP msqueue function 4 overflow attempt,"alert udp $EXTERNAL_NET any -> $HOME_NET [135,1024:] ( msg:""OS-WINDOWS DCERPC NCADG-IP-UDP msqueue function 4 overflow attempt""; dce_iface:uuid 975201b0-59ca-11d0-a8d5-00a0c90d8051; dce_opnum:""4""; dce_stub_data; byte_test:4,>,128,8,dce; metadata:policy max-detect-ips drop,policy security-ips drop,ruleset community; service:dcerpc; reference:cve,2005-0059; reference:url,technet.microsoft.com/en-us/security/bulletin/MS05-017; classtype:attempted-admin; sid:3171; rev:16; )"
2262,3218,OS-WINDOWS DCERPC NCACN-IP-TCP winreg OpenKey overflow attempt,"alert tcp $EXTERNAL_NET any -> $HOME_NET [139,445] ( msg:""OS-WINDOWS DCERPC NCACN-IP-TCP winreg OpenKey overflow attempt""; flow:to_server,established; dce_iface:uuid 338cd001-2244-31f1-aaaa-900038001003; dce_opnum:""15""; dce_stub_data; byte_test:2,>,1024,20,dce; metadata:ruleset community; service:netbios-ssn; reference:bugtraq,1331; reference:cve,2000-0377; reference:url,technet.microsoft.com/en-us/security/bulletin/ms00-040; classtype:attempted-admin; sid:3218; rev:23; )"
2265,3238,OS-WINDOWS DCERPC NCACN-IP-TCP irot IrotIsRunning/Revoke overflow attempt,"alert tcp $EXTERNAL_NET any -> $HOME_NET [135,593,1024:] ( msg:""OS-WINDOWS DCERPC NCACN-IP-TCP irot IrotIsRunning/Revoke overflow attempt""; flow:to_server,established; dce_iface:uuid b9e79e60-3d52-11ce-aaa1-00006901293f; dce_opnum:""1-2""; dce_stub_data; pcre:""/^(\x00\x00\x00\x00|.{12})/s""; byte_jump:4,-4,relative,dce,align; byte_test:4,>,1024,0,relative,dce; metadata:ruleset community; reference:bugtraq,6005; reference:cve,2002-1561; reference:url,technet.microsoft.com/en-us/security/bulletin/ms03-010; classtype:attempted-admin; sid:3238; rev:15; )"
2266,3239,OS-WINDOWS DCERPC NCADG-IP-UDP irot IrotIsRunning/Revoke overflow attempt,"alert udp $EXTERNAL_NET any -> $HOME_NET [135,1024:] ( msg:""OS-WINDOWS DCERPC NCADG-IP-UDP irot IrotIsRunning/Revoke overflow attempt""; dce_iface:uuid b9e79e60-3d52-11ce-aaa1-00006901293f; dce_opnum:""1-2""; dce_stub_data; pcre:""/^(\x00\x00\x00\x00|.{12})/s""; byte_jump:4,-4,relative,dce,align; byte_test:4,>,1024,0,relative,dce; metadata:policy max-detect-ips drop,ruleset community; reference:bugtraq,6005; reference:cve,2002-1561; reference:url,technet.microsoft.com/en-us/security/bulletin/ms03-010; classtype:attempted-admin; sid:3239; rev:15; )"
2271,3409,OS-WINDOWS DCERPC NCACN-IP-TCP IActivation remoteactivation overflow attempt,"alert tcp $EXTERNAL_NET any -> $HOME_NET [135,139,445,593,1024:] ( msg:""OS-WINDOWS DCERPC NCACN-IP-TCP IActivation remoteactivation overflow attempt""; flow:to_server,established; dce_iface:uuid 4d9f4ab8-7d1c-11cf-861e-0020af6e7c57; dce_opnum:""0""; dce_stub_data; byte_test:4,>,256,52,dce; metadata:policy max-detect-ips drop,ruleset community; service:dcerpc,netbios-ssn; reference:bugtraq,8205; reference:cve,2003-0352; reference:cve,2003-0528; reference:cve,2003-0715; reference:url,technet.microsoft.com/en-us/security/bulletin/MS03-026; reference:url,technet.microsoft.com/en-us/security/bulletin/MS03-039; classtype:attempted-admin; sid:3409; rev:18; )"
2292,,MALWARE-CNC Win.Trojan.Hydraq variant outbound connection,"alert tcp $HOME_NET any -> $EXTERNAL_NET 443 ( msg:""MALWARE-CNC Win.Trojan.Hydraq variant outbound connection""; flow:to_server,established; content:""|FF FF FF FF FF FF 00 00 FE FF FF FF FF FF FF FF FF FF 88 FF|"",depth 20; metadata:impact_flag red,ruleset community; service:ssl; reference:url,www.virustotal.com/"
2305,19678,SERVER-OTHER multiple products blacknurse ICMP denial of service attempt,"alert icmp $EXTERNAL_NET any -> $HOME_NET any ( msg:""SERVER-OTHER multiple products blacknurse ICMP denial of service attempt""; icode:3; itype:3; detection_filter:track by_src,count 250,seconds 1; metadata:policy max-detect-ips drop,ruleset community; reference:cve,2011-1871; reference:url,soc.tdc.dk/blacknurse/blacknurse.pdf; reference:url,technet.microsoft.com/en-us/security/bulletin/MS11-064; reference:url,technet.microsoft.com/en-us/security/bulletin/MS11-083; classtype:attempted-dos; sid:19678; rev:10; )"
2521,,MALWARE-CNC Win.Trojan.Zebrocy outbound data connection,"alert tcp $HOME_NET any -> $EXTERNAL_NET $HTTP_PORTS ( msg:""MALWARE-CNC Win.Trojan.Zebrocy outbound data connection""; flow:to_server,established; http_method; content:""POST""; http_uri; content:"".php""; http_header; content:""User|2D|Agent|3A 20|Mozilla|2F|3.0|20 28|compatible|3B 20|Indy Library|29 0D 0A|""; http_client_body; content:""form-data|3B| name=|22|userfile|22 3B| filename="",fast_pattern,nocase; metadata:impact_flag red,policy balanced-ips drop,policy max-detect-ips drop,policy security-ips drop,ruleset community; service:http; reference:url,www.virustotal.com/"
2787,,MALWARE-CNC Win.Trojan.ZeroAccess Download Headers,"alert tcp $HOME_NET any -> $EXTERNAL_NET $HTTP_PORTS ( msg:""MALWARE-CNC Win.Trojan.ZeroAccess Download Headers""; flow:to_server,established; http_raw_uri; bufferlen:5<=>14; http_header; content:""|0D 0A|Accept: */*|0D 0A|Accept-Encoding: identity, *|3B|q=0|0D 0A|Connection: close|0D 0A|User-Agent: "",fast_pattern,nocase; pkt_data; content:"".exe HTTP/1.0|0D 0A|Host: ""; http_uri; pcre:""/^\x2f[a-z\d]{1,8}\.exe$/i""; metadata:impact_flag red,ruleset community; service:http; reference:url,www.virustotal.com/"
2859,,MALWARE-CNC Win.Trojan.DomaIQ variant outbound connection,"alert tcp $HOME_NET any -> $EXTERNAL_NET $HTTP_PORTS ( msg:""MALWARE-CNC Win.Trojan.DomaIQ variant outbound connection""; flow:to_server,established; content:""/trace/Start HTTP/1.1|0D 0A|Host: "",fast_pattern,nocase; http_uri; content:""/debug/Version/"",depth 15; http_header; content:!""Accept""; content:!""User-Agent:""; metadata:impact_flag red,ruleset community; service:http; reference:url,file-analyzer.net/analysis/1546/6325/0/html"
2893,,MALWARE-CNC Win.Trojan.Necurs variant outbound connection,"alert tcp $HOME_NET any -> $EXTERNAL_NET $HTTP_PORTS ( msg:""MALWARE-CNC Win.Trojan.Necurs variant outbound connection""; flow:to_server,established; http_raw_uri; bufferlen:13; pkt_data; content:""/forum/db.php HTTP/1.1|0D 0A|Content-Type: application/octet-stream|0D 0A|Host: "",fast_pattern,nocase; http_header; content:!""User-Agent:""; content:!""Referer:""; content:!""Accept""; metadata:ruleset community; service:http; reference:url,file-analyzer.net/analysis/2306/8066/0/html"
3384,40063,OS-LINUX Linux Kernel Challenge ACK provocation attempt,"alert tcp $EXTERNAL_NET any -> $HOME_NET any ( msg:""OS-LINUX Linux Kernel Challenge ACK provocation attempt""; flow:to_server,no_stream; flags:R; detection_filter:track by_src,count 200,seconds 1; metadata:policy max-detect-ips drop,ruleset community; reference:bugtraq,91704; reference:cve,2016-5696; reference:cve,2017-7285; classtype:attempted-admin; sid:40063; rev:5; )"
3510,,MALWARE-CNC Win.Trojan.Fareit variant outbound connection,"alert tcp $HOME_NET any -> $EXTERNAL_NET $HTTP_PORTS ( msg:""MALWARE-CNC Win.Trojan.Fareit variant outbound connection""; flow:to_server,established; http_uri; content:""/gate.php"",fast_pattern,nocase; http_header; content:""WebKitFormBoundary""; pkt_data; content:""name=|22|getconfig|22|""; http_header; content:""Referer|3A 20|""; content:""Connection|3A 20|close|0D 0A|""; metadata:impact_flag red,ruleset community; service:http; reference:url,virustotal.com/"
3518,,MALWARE-CNC Win.Trojan.Trickbot self-signed certificate exchange,"alert tcp $EXTERNAL_NET [443,447,449] -> $HOME_NET any ( msg:""MALWARE-CNC Win.Trojan.Trickbot self-signed certificate exchange""; flow:to_client,established; content:""|16 03|""; content:""|30 82|"",distance 13; content:""3t2t3rgeg""; content:""fg2eq34df"",fast_pattern,nocase; metadata:impact_flag red,ruleset community; service:ssl; reference:url,virustotal.com/"
3519,,MALWARE-CNC Win.Trojan.Trickbot self-signed certificate exchange,"alert tcp $EXTERNAL_NET [443,447,449] -> $HOME_NET any ( msg:""MALWARE-CNC Win.Trojan.Trickbot self-signed certificate exchange""; flow:to_client,established; content:""|16 03|""; content:""|30 82|"",distance 13; content:""f2tee4""; content:""rvgvtfdf"",fast_pattern,nocase; metadata:impact_flag red,ruleset community; service:ssl; reference:url,virustotal.com/"
3524,,MALWARE-CNC Win.Trojan.PandaZeus malicious certificate exchange,"alert tcp $EXTERNAL_NET 443 -> $HOME_NET any ( msg:""MALWARE-CNC Win.Trojan.PandaZeus malicious certificate exchange""; flow:to_client,established; content:""|16 03|""; content:""|30 82|"",within 2,distance 13; content:""Let's Encrypt""; content:""gloverkentok.us"",fast_pattern,nocase; metadata:impact_flag red,ruleset community; service:ssl; reference:url,virustotal.com/"
3525,,MALWARE-CNC Win.Trojan.PandaZeus self-signed certificate exchange,"alert tcp $EXTERNAL_NET 443 -> $HOME_NET any ( msg:""MALWARE-CNC Win.Trojan.PandaZeus self-signed certificate exchange""; flow:to_client,established; content:""|16 03|""; content:""|30 82|"",within 2,distance 13; content:""My Company Name LTD.""; content:""domain.com"",fast_pattern,nocase; metadata:impact_flag red,ruleset community; service:ssl; reference:url,virustotal.com/"
3528,,POLICY-OTHER NetSupport Manager RAT outbound connection detected,"alert http ( msg:""POLICY-OTHER NetSupport Manager RAT outbound connection detected""; flow:to_server,established; http_header; content:""User-Agent|3A| NetSupport Manager/"",fast_pattern,nocase; metadata:ruleset community; service:http; reference:url,blogs.vmware.com/security/2023/11/netsupport-rat-the-rat-king-returns.html; reference:url,www.virustotal.com/"
3557,,MALWARE-CNC Win.Trojan.Rokrat variant outbound connection detected,"alert tcp $HOME_NET any -> $EXTERNAL_NET $HTTP_PORTS ( msg:""MALWARE-CNC Win.Trojan.Rokrat variant outbound connection detected""; flow:to_server,established; http_uri; content:"".php?id=""; content:""fp_vs="",fast_pattern,nocase; content:""os_vs=""; metadata:impact_flag red,ruleset community; service:http; reference:url,www.virustotal.com/"
3563,,MALWARE-CNC Win.Trojan.Silverstar outbound connection,"alert tcp $HOME_NET any -> $EXTERNAL_NET any ( msg:""MALWARE-CNC Win.Trojan.Silverstar outbound connection""; flow:to_server,established; http_uri; content:""response=fallback"",fast_pattern,nocase; content:""/api.php?"",depth 9; content:""gpu="",nocase; metadata:impact_flag red,policy balanced-ips drop,policy max-detect-ips drop,policy security-ips drop,ruleset community; service:http; reference:url,www.virustotal.com/"
3566,,MALWARE-CNC Win.Trojan.UDPOS outbound command and control IP address check,"alert tcp $HOME_NET any -> $EXTERNAL_NET $HTTP_PORTS ( msg:""MALWARE-CNC Win.Trojan.UDPOS outbound command and control IP address check""; flow:to_server,established; http_uri; content:""/index.php?udpool="",fast_pattern,nocase; metadata:impact_flag red,policy balanced-ips drop,policy max-detect-ips drop,policy security-ips drop,ruleset community; service:http; reference:url,blogs.forcepoint.com/security-labs/udpos-exfiltrating-credit-card-data-dns; reference:url,www.virustotal.com/"
3567,,MALWARE-CNC Win.Trojan.UDPOS outbound system information disclousre,"alert udp $HOME_NET any -> $EXTERNAL_NET 53 ( msg:""MALWARE-CNC Win.Trojan.UDPOS outbound system information disclousre""; flow:to_server; isdataat:150; content:""|0F|""; content:""|03|bin"",within 4,distance 15,fast_pattern; metadata:impact_flag red,policy balanced-ips drop,policy max-detect-ips drop,policy security-ips drop,ruleset community; service:dns; reference:url,blogs.forcepoint.com/security-labs/udpos-exfiltrating-credit-card-data-dns; reference:url,www.virustotal.com/"
3568,,MALWARE-CNC Win.Trojan.UDPOS outbound heartbeat,"alert udp $HOME_NET any -> $EXTERNAL_NET 53 ( msg:""MALWARE-CNC Win.Trojan.UDPOS outbound heartbeat""; flow:to_server; isdataat:150; content:""|0F|""; content:""|04|ping"",within 5,distance 15,fast_pattern; metadata:impact_flag red,policy balanced-ips drop,policy max-detect-ips drop,policy security-ips drop,ruleset community; service:dns; reference:url,blogs.forcepoint.com/security-labs/udpos-exfiltrating-credit-card-data-dns; reference:url,www.virustotal.com/"
3569,,MALWARE-CNC Win.Trojan.UDPOS outbound data exfiltration,"alert udp $HOME_NET any -> $EXTERNAL_NET 53 ( msg:""MALWARE-CNC Win.Trojan.UDPOS outbound data exfiltration""; flow:to_server; isdataat:150; content:""|0F|""; content:""|03|trp"",within 4,distance 15,fast_pattern; metadata:impact_flag red,policy balanced-ips drop,policy max-detect-ips drop,policy security-ips drop,ruleset community; service:dns; reference:url,attack.mitre.org/techniques/T1020; reference:url,blogs.forcepoint.com/security-labs/udpos-exfiltrating-credit-card-data-dns; reference:url,www.virustotal.com/"
3570,,MALWARE-CNC Win.Trojan.UDPOS outbound data exfiltration,"alert udp $HOME_NET any -> $EXTERNAL_NET 53 ( msg:""MALWARE-CNC Win.Trojan.UDPOS outbound data exfiltration""; flow:to_server; isdataat:150; content:""|0F|""; content:""|04|note"",within 5,distance 15,fast_pattern; metadata:impact_flag red,policy balanced-ips drop,policy max-detect-ips drop,policy security-ips drop,ruleset community; service:dns; reference:url,attack.mitre.org/techniques/T1020; reference:url,blogs.forcepoint.com/security-labs/udpos-exfiltrating-credit-card-data-dns; reference:url,www.virustotal.com/"
3577,,MALWARE-CNC Win.Trojan.CrossRAT outbound connection attempt,"alert tcp $HOME_NET any -> $EXTERNAL_NET any ( msg:""MALWARE-CNC Win.Trojan.CrossRAT outbound connection attempt""; flow:to_server,established; content:""[^8]&&&"",fast_pattern,nocase; content:""[^8]&&&""; isdataat:!0,relative; metadata:impact_flag red,policy balanced-ips drop,policy max-detect-ips drop,policy security-ips drop,ruleset community; reference:url,www.virustotal.com/"
3578,,MALWARE-CNC Win.Trojan.Bandook/Anbacas outbound connection attempt,"alert tcp $HOME_NET any -> $EXTERNAL_NET any ( msg:""MALWARE-CNC Win.Trojan.Bandook/Anbacas outbound connection attempt""; flow:to_server,established; content:""QDAwMD"",depth 6,fast_pattern; content:""&&&"",within 200; isdataat:!0,relative; metadata:impact_flag red,policy balanced-ips drop,policy max-detect-ips drop,policy security-ips drop,ruleset community; reference:url,info.lookout.com/rs/051-ESQ-475/images/Lookout_Dark-Caracal_srr_20180118_us_v.1.0.pdf; reference:url,www.virustotal.com/"
3579,,MALWARE-CNC User-Agent known malicious user-agent string Uploador - Win.Trojan.CrossRAT,"alert tcp $HOME_NET any -> $EXTERNAL_NET $HTTP_PORTS ( msg:""MALWARE-CNC User-Agent known malicious user-agent string Uploador - Win.Trojan.CrossRAT""; flow:to_server,established; http_header; content:""User-Agent|3A| Uploador|0D 0A|"",fast_pattern,nocase; metadata:impact_flag red,policy balanced-ips drop,policy max-detect-ips drop,policy security-ips drop,ruleset community; service:http; reference:url,www.virustotal.com/"
3622,,MALWARE-CNC Win.Ransomware.Matrix outbound connection,"alert tcp $HOME_NET any -> $EXTERNAL_NET $HTTP_PORTS ( msg:""MALWARE-CNC Win.Ransomware.Matrix outbound connection""; flow:to_server,established; http_uri; content:""add.php?apikey=""; content:""&compuser=""; content:""&sid=""; content:""&phase=""; metadata:impact_flag red,ruleset community; service:http; reference:url,www.virustotal.com/"
3628,,MALWARE-CNC Win.Trojan.Dropper variant outbound connection,"alert tcp $HOME_NET any -> $EXTERNAL_NET $FILE_DATA_PORTS ( msg:""MALWARE-CNC Win.Trojan.Dropper variant outbound connection""; flow:to_server,established; http_client_body; content:""IHkoeWRrcnkpIikqNy95ZCB5LSl5ZCB5"",depth 40,fast_pattern; http_header; content:!""Referer|3A|"",nocase; metadata:impact_flag red,policy balanced-ips drop,policy max-detect-ips drop,policy security-ips drop,ruleset community; service:http; reference:url,www.virustotal.com/"
3630,,MALWARE-CNC Win.Trojan.Kraens delivery attempt,"alert tcp $EXTERNAL_NET $FILE_DATA_PORTS -> $HOME_NET any ( msg:""MALWARE-CNC Win.Trojan.Kraens delivery attempt""; flow:to_client,established; flowbits:isset,file.exe; file_data; content:""{|22|i|22|:|22|%s|22|,|22|l|22|:["",fast_pattern,nocase; content:""RES_OK""; metadata:impact_flag red,policy balanced-ips drop,policy max-detect-ips drop,policy security-ips drop,ruleset community; service:ftp-data,http,imap,pop3; reference:url,www.virustotal.com/"
3631,,MALWARE-CNC Win.Trojan.Kraens delivery attempt,"alert tcp $EXTERNAL_NET any -> $SMTP_SERVERS 25 ( msg:""MALWARE-CNC Win.Trojan.Kraens delivery attempt""; flow:to_server,established; flowbits:isset,file.exe; file_data; content:""{|22|i|22|:|22|%s|22|,|22|l|22|:["",fast_pattern,nocase; content:""RES_OK""; metadata:impact_flag red,policy balanced-ips drop,policy max-detect-ips drop,policy security-ips drop,ruleset community; service:smtp; reference:url,www.virustotal.com/"
3633,,MALWARE-CNC Win.Adware.Doyo initial connection,"alert tcp $HOME_NET any -> $EXTERNAL_NET $HTTP_PORTS ( msg:""MALWARE-CNC Win.Adware.Doyo initial connection""; flow:to_server,established; http_client_body; content:""data=85702b2fccafcb2f"",depth 21; metadata:impact_flag red,ruleset community; service:http; reference:url,www.virustotal.com/"
3634,,MALWARE-CNC Win.Adware.Doyo client outbound connection,"alert tcp $HOME_NET any -> $EXTERNAL_NET $HTTP_PORTS ( msg:""MALWARE-CNC Win.Adware.Doyo client outbound connection""; flow:to_server,established; content:""|01 00 00 00 01 01 00 00 01 00 00 00 00 00 04 00 03 00 00 00 00 00 00 00 00 00 00 00|"",depth 28; metadata:impact_flag red,ruleset community; service:http; reference:url,www.virustotal.com/"
3636,,MALWARE-CNC Vbs.Downloader.Agent inbound connection,"alert tcp $EXTERNAL_NET $FILE_DATA_PORTS -> $HOME_NET any ( msg:""MALWARE-CNC Vbs.Downloader.Agent inbound connection""; flow:to_client,established; flowbits:isset,file.ole; file_data; content:""3832D640-CF90-11CF-8E43-00A0C911005A"",fast_pattern,nocase; content:""Workbook_Open"",nocase; content:""Document_Open"",nocase; metadata:policy balanced-ips drop,policy max-detect-ips drop,policy security-ips drop,ruleset community; service:ftp-data,http,imap,pop3; reference:url,www.virustotal.com/"
3637,,MALWARE-CNC Vbs.Downloader.Agent inbound connection,"alert tcp $EXTERNAL_NET any -> $SMTP_SERVERS 25 ( msg:""MALWARE-CNC Vbs.Downloader.Agent inbound connection""; flow:to_server,established; flowbits:isset,file.ole; file_data; content:""3832D640-CF90-11CF-8E43-00A0C911005A"",fast_pattern,nocase; content:""Workbook_Open"",nocase; content:""Document_Open"",nocase; metadata:policy balanced-ips drop,policy max-detect-ips drop,policy security-ips drop,ruleset community; service:smtp; reference:url,www.virustotal.com/"
3638,,MALWARE-CNC Vbs.Downloader.Agent inbound connection,"alert tcp $EXTERNAL_NET $FILE_DATA_PORTS -> $HOME_NET any ( msg:""MALWARE-CNC Vbs.Downloader.Agent inbound connection""; flow:to_client,established; flowbits:isset,file.ole; file_data; content:""Shell"",nocase; content:""vbHide"",within 100,fast_pattern; content:""Chr"",nocase; content:""Asc"",within 100,nocase; metadata:policy balanced-ips drop,policy max-detect-ips drop,policy security-ips drop,ruleset community; service:ftp-data,http,imap,pop3; reference:url,www.virustotal.com/"
3639,,MALWARE-CNC Vbs.Downloader.Agent inbound delivery attempt,"alert tcp $EXTERNAL_NET any -> $SMTP_SERVERS 25 ( msg:""MALWARE-CNC Vbs.Downloader.Agent inbound delivery attempt""; flow:to_server,established; flowbits:isset,file.ole; file_data; content:""Shell"",nocase; content:""vbHide"",within 100,fast_pattern; content:""Chr"",nocase; content:""Asc"",within 100,nocase; metadata:policy balanced-ips drop,policy max-detect-ips drop,policy security-ips drop,ruleset community; service:smtp; reference:url,www.virustotal.com/"
3660,,MALWARE-CNC Win.Trojan.Dropper malicious script download attempt,"alert tcp $EXTERNAL_NET $FILE_DATA_PORTS -> $HOME_NET any ( msg:""MALWARE-CNC Win.Trojan.Dropper malicious script download attempt""; flow:to_client,established; file_data; content:""<script"",nocase; content:""ActiveXObject"",nocase; content:""WScript.Shell"",fast_pattern,nocase; content:""p o w e r s h e l l"",nocase; metadata:impact_flag red,policy balanced-ips drop,policy max-detect-ips drop,policy security-ips drop,ruleset community; service:ftp-data,http,imap,pop3; reference:url,virustotal.com/"
3662,,MALWARE-CNC Win.Trojan.Dropper malicious executable download attempt,"alert tcp $EXTERNAL_NET $FILE_DATA_PORTS -> $HOME_NET any ( msg:""MALWARE-CNC Win.Trojan.Dropper malicious executable download attempt""; flow:to_client,established; http_header; content:""Content-Type:"",nocase; content:""application/java-vm"",within 50,fast_pattern; file_data; content:""MZ"",depth 2; metadata:impact_flag red,policy max-detect-ips drop,policy security-ips drop,ruleset community; service:ftp-data,http,imap,pop3; reference:url,virustotal.com/"
3674,,MALWARE-CNC Win.Downloader.Zebrocy known malicious user-agent string,"alert tcp $HOME_NET any -> $EXTERNAL_NET $HTTP_PORTS ( msg:""MALWARE-CNC Win.Downloader.Zebrocy known malicious user-agent string""; flow:to_server,established; http_header; content:""User-Agent|3A| Mozilla v5.1"",fast_pattern,nocase; metadata:impact_flag red,policy balanced-ips drop,policy max-detect-ips drop,policy security-ips drop,ruleset community; service:http; reference:url,www.virustotal.com/"
3675,,MALWARE-CNC Win.Downloader.Zebrocy initial outbound request,"alert tcp $HOME_NET any -> $EXTERNAL_NET $HTTP_PORTS ( msg:""MALWARE-CNC Win.Downloader.Zebrocy initial outbound request""; flow:to_server,established; http_uri; content:""?fort="",fast_pattern,nocase; http_client_body; content:""pol="",depth 4; metadata:impact_flag red,policy balanced-ips drop,policy max-detect-ips drop,policy security-ips drop,ruleset community; service:http; reference:url,www.virustotal.com/"
3692,,MALWARE-CNC Win.Trojan.CowerSnail command and control response detected,"alert tcp $EXTERNAL_NET 20480 -> $HOME_NET any ( msg:""MALWARE-CNC Win.Trojan.CowerSnail command and control response detected""; flow:to_client,established; content:""pk"",depth 2; content:""R|00|e|00|q|00|u|00|e|00|s|00|t|00|"",fast_pattern,nocase; content:""|00|a|00|r|00|g|00|""; metadata:impact_flag red,policy balanced-ips drop,policy max-detect-ips drop,policy security-ips drop,ruleset community; service:irc; reference:url,www.virustotal.com/"
3693,,MALWARE-CNC Win.Trojan.CowerSnail initial outbound connection attempt,"alert tcp $HOME_NET any -> $EXTERNAL_NET 20480 ( msg:""MALWARE-CNC Win.Trojan.CowerSnail initial outbound connection attempt""; flow:to_server,established; content:""+CHANNEL|0B|"",fast_pattern,nocase; content:""line-client""; metadata:impact_flag red,policy balanced-ips drop,policy max-detect-ips drop,policy security-ips drop,ruleset community; service:irc; reference:url,www.virustotal.com/"
3694,,MALWARE-CNC Win.Trojan.Joanap variant outbound connection,"alert tcp $HOME_NET any -> $EXTERNAL_NET 25 ( msg:""MALWARE-CNC Win.Trojan.Joanap variant outbound connection""; flow:to_server,established; content:""TO: Joana <xiake722@gmail.com>"",fast_pattern,nocase; content:""SUBJECT: |5B|T|5D|""; metadata:impact_flag red,policy balanced-ips drop,policy max-detect-ips drop,policy security-ips drop,ruleset community; service:smtp; reference:url,www.virustotal.com/"
3701,,MALWARE-CNC Win.Trojan.Autophyte dropper variant outbound connection,"alert tcp $HOME_NET any -> $EXTERNAL_NET $HTTP_PORTS ( msg:""MALWARE-CNC Win.Trojan.Autophyte dropper variant outbound connection""; flow:to_server,established; http_raw_uri; bufferlen:10; http_uri; content:""/mainls.cs"",fast_pattern,nocase; http_header; content:""Content-Type: application/octet-stream"",nocase; content:!""User-Agent"",nocase; metadata:impact_flag red,policy max-detect-ips drop,policy security-ips drop,ruleset community; service:http; reference:url,www.virustotal.com/"
3702,,MALWARE-CNC Win.Trojan.Autophyte RAT variant outbound connection,"alert tcp $HOME_NET any -> $EXTERNAL_NET $HTTP_PORTS ( msg:""MALWARE-CNC Win.Trojan.Autophyte RAT variant outbound connection""; flow:to_server,established; http_client_body; content:""Content-Disposition: form-data|3B| name=|22|board_id|22|"",fast_pattern,nocase; content:""Content-Disposition: form-data|3B| name=|22|user_id|22|""; content:""Content-Disposition: form-data|3B| name=|22|file1|22|""; http_header; content:!""Referer""; metadata:ruleset community; service:http; reference:url,www.virustotal.com/"
3710,,MALWARE-CNC Win.Trojan.TechSupportScam installed binary outbound connection,"alert tcp $HOME_NET any -> $EXTERNAL_NET $HTTP_PORTS ( msg:""MALWARE-CNC Win.Trojan.TechSupportScam installed binary outbound connection""; flow:to_server,established; http_uri; content:""/show_new.php?"",fast_pattern,nocase; content:""code="",nocase; metadata:impact_flag red,policy balanced-ips drop,policy max-detect-ips drop,policy security-ips drop,ruleset community; service:http; reference:url,www.virustotal.com/"
3711,,MALWARE-CNC Win.Trojan.TechSupportScam installed binary outbound connection,"alert tcp $HOME_NET any -> $EXTERNAL_NET $HTTP_PORTS ( msg:""MALWARE-CNC Win.Trojan.TechSupportScam installed binary outbound connection""; flow:to_server,established; http_uri; content:""/register.php?"",fast_pattern,nocase; content:""p="",nocase; content:""&code="",nocase; http_header; content:!""User-Agent""; metadata:impact_flag red,policy balanced-ips drop,policy max-detect-ips drop,policy security-ips drop,ruleset community; service:http; reference:url,www.virustotal.com/"
3712,,MALWARE-CNC Win.Trojan.TechSupportScam installed binary outbound connection,"alert tcp $HOME_NET any -> $EXTERNAL_NET $HTTP_PORTS ( msg:""MALWARE-CNC Win.Trojan.TechSupportScam installed binary outbound connection""; flow:to_server,established; http_uri; content:""/update_new.php?"",fast_pattern,nocase; content:""code="",nocase; http_header; content:!""User-Agent""; metadata:impact_flag red,policy balanced-ips drop,policy max-detect-ips drop,policy security-ips drop,ruleset community; service:http; reference:url,www.virustotal.com/"
3713,,PUA-ADWARE Win.Adware.Pbot variant outbound connection,"alert tcp $HOME_NET any -> $EXTERNAL_NET $HTTP_PORTS ( msg:""PUA-ADWARE Win.Adware.Pbot variant outbound connection""; flow:to_server,established; http_uri; content:""/installstarted"",fast_pattern,nocase; content:""de="",nocase; content:""_v="",nocase; content:""_s="",nocase; metadata:policy max-detect-ips drop,ruleset community; service:http; reference:url,www.virustotal.com/"
3714,,PUA-ADWARE Win.Adware.Pbot variant outbound connection,"alert tcp $HOME_NET any -> $EXTERNAL_NET $HTTP_PORTS ( msg:""PUA-ADWARE Win.Adware.Pbot variant outbound connection""; flow:to_server,established; http_uri; content:""/collect.php"",fast_pattern,nocase; content:""pid=""; content:""cid=""; content:""sid=""; content:""act=""; metadata:policy max-detect-ips drop,ruleset community; service:http; reference:url,www.virustotal.com/"
3715,,PUA-ADWARE Win.Adware.Pbot variant outbound connection,"alert tcp $HOME_NET any -> $EXTERNAL_NET $HTTP_PORTS ( msg:""PUA-ADWARE Win.Adware.Pbot variant outbound connection""; flow:to_server,established; http_uri; content:""/installended"",fast_pattern,nocase; content:""de="",nocase; content:""_v="",nocase; content:""_s="",nocase; metadata:policy max-detect-ips drop,ruleset community; service:http; reference:url,www.virustotal.com/"
3716,,MALWARE-CNC Win.Trojan.NukeSped RAT variant outbound communication,"alert tcp $HOME_NET any -> $EXTERNAL_NET any ( msg:""MALWARE-CNC Win.Trojan.NukeSped RAT variant outbound communication""; flow:to_server,established; content:""|B0 00 B0 00 B0 00 B0 00 26 00 26 00 26 00|"",depth 15; metadata:impact_flag red,ruleset community; reference:url,www.virustotal.com/"
3717,,MALWARE-CNC Win.Trojan.NukeSped RAT variant outbound connection,"alert tcp $HOME_NET any -> $EXTERNAL_NET [9000:] ( msg:""MALWARE-CNC Win.Trojan.NukeSped RAT variant outbound connection""; flow:to_server,established; isdataat:83; isdataat:!84; content:""|50 00 00 00|"",depth 4; byte_test:1,>,2,0,relative; content:!""|0A|"",within 1,distance 1; metadata:impact_flag red,policy max-detect-ips drop,ruleset community; reference:url,www.virustotal.com/"
3729,,MALWARE-CNC Win.Trojan.Zegost variant outbound connection,"alert tcp $HOME_NET any -> $EXTERNAL_NET 443 ( msg:""MALWARE-CNC Win.Trojan.Zegost variant outbound connection""; flow:to_server,established; content:""|2A 00 00 00|"",depth 4; isdataat:37,relative; isdataat:!38,relative; metadata:impact_flag red,policy balanced-ips drop,policy max-detect-ips drop,policy security-ips drop,ruleset community; reference:url,www.virustotal.com/"
3731,,MALWARE-CNC Win.Trojan.KeyPass variant inbound connection attempt,"alert tcp $EXTERNAL_NET $HTTP_PORTS -> $HOME_NET any ( msg:""MALWARE-CNC Win.Trojan.KeyPass variant inbound connection attempt""; flow:to_client,established; file_data; content:""|7B 22|line1|22 3A 22|"",depth 10,fast_pattern; content:""|22|line2|22 3A 22|"",within 30,distance 30; metadata:impact_flag red,policy balanced-ips drop,policy max-detect-ips drop,policy security-ips drop,ruleset community; service:http; reference:url,virustotal.com/"
3736,,MALWARE-CNC Andr.Trojan.AnubisCrypt variant outbound post detected,"alert tcp $HOME_NET any -> $EXTERNAL_NET $HTTP_PORTS ( msg:""MALWARE-CNC Andr.Trojan.AnubisCrypt variant outbound post detected""; flow:to_server,established; http_uri; content:""/private/"",fast_pattern; content:"".php"",distance 0; http_client_body; content:""p=""; http_header; content:""User-Agent:""; content:""Android"",within 100; metadata:impact_flag red,policy balanced-ips drop,policy max-detect-ips drop,policy security-ips drop,ruleset community; service:http; reference:url,www.virustotal.com/"
3737,,MALWARE-CNC Andr.Trojan.AnubisCrypt variant outbound post detected,"alert tcp $HOME_NET any -> $EXTERNAL_NET $HTTP_PORTS ( msg:""MALWARE-CNC Andr.Trojan.AnubisCrypt variant outbound post detected""; flow:to_server,established; http_uri; content:""/private/checkPanel.php"",fast_pattern,nocase; http_header; content:""User-Agent:""; content:""Android"",within 100; metadata:impact_flag red,policy balanced-ips drop,policy max-detect-ips drop,policy security-ips drop,ruleset community; service:http; reference:url,www.virustotal.com/"
3738,,MALWARE-CNC Win.Trojan.OilRig variant outbound connection,"alert tcp $HOME_NET any -> $EXTERNAL_NET $HTTP_PORTS ( msg:""MALWARE-CNC Win.Trojan.OilRig variant outbound connection""; flow:to_server,established; http_uri; content:""/tahw?"",depth 6; pcre:""/\x2ftahw\x3f[A-F0-9]{3,84}$/""; metadata:impact_flag red,policy balanced-ips drop,policy max-detect-ips drop,policy security-ips drop,ruleset community; service:http; reference:url,www.virustotal.com/"
3739,,MALWARE-CNC Win.Trojan.OilRig variant outbound connection,"alert tcp $HOME_NET any -> $EXTERNAL_NET $HTTP_PORTS ( msg:""MALWARE-CNC Win.Trojan.OilRig variant outbound connection""; flow:to_server,established; http_uri; content:""/khc?"",depth 5; pcre:""/\x2fkhc\x3f[A-F0-9]{3,84}$/""; metadata:impact_flag red,policy balanced-ips drop,policy max-detect-ips drop,policy security-ips drop,ruleset community; service:http; reference:url,www.virustotal.com/"
3741,,MALWARE-CNC Win.Trojan.MSDownloader variant outbound connection,"alert tcp $HOME_NET any -> $EXTERNAL_NET $HTTP_PORTS ( msg:""MALWARE-CNC Win.Trojan.MSDownloader variant outbound connection""; flow:to_server,established; http_header; content:""MS_D0wnl0ad3r"",fast_pattern,nocase; metadata:impact_flag red,policy balanced-ips drop,policy max-detect-ips drop,policy security-ips drop,ruleset community; service:http; reference:url,www.virustotal.com/"
3742,,MALWARE-CNC Win.Trojan.MSDownloader variant download,"alert tcp $EXTERNAL_NET $FILE_DATA_PORTS -> $HOME_NET any ( msg:""MALWARE-CNC Win.Trojan.MSDownloader variant download""; flow:to_client,established; file_data; content:""Content-Type|3A 20|multipart/form-data|3B| boundary=MS_D0wnl0ad3r"",fast_pattern,fast_pattern_offset 44,fast_pattern_length 13; metadata:impact_flag red,policy balanced-ips drop,policy max-detect-ips drop,policy security-ips drop,ruleset community; service:ftp-data,http,imap,pop3; reference:url,www.virustotal.com/"
3743,,MALWARE-CNC Win.Trojan.MSDownloader variant download,"alert tcp $EXTERNAL_NET any -> $SMTP_SERVERS 25 ( msg:""MALWARE-CNC Win.Trojan.MSDownloader variant download""; flow:to_server,established; file_data; content:""Content-Type|3A 20|multipart/form-data|3B| boundary=MS_D0wnl0ad3r"",fast_pattern,fast_pattern_offset 44,fast_pattern_length 13; metadata:impact_flag red,policy balanced-ips drop,policy max-detect-ips drop,policy security-ips drop,ruleset community; service:smtp; reference:url,www.virustotal.com/"
3744,,MALWARE-CNC Win.Trojan.AcridRain outbound connection,"alert tcp $HOME_NET any -> $EXTERNAL_NET $HTTP_PORTS ( msg:""MALWARE-CNC Win.Trojan.AcridRain outbound connection""; flow:to_server,established; http_client_body; content:""browser/Vivaldi.txtPK"",fast_pattern,nocase; http_uri; content:""/Upload/""; http_raw_uri; bufferlen:8; http_header; content:!""User-Agent|3A 20|""; metadata:impact_flag red,policy balanced-ips drop,policy max-detect-ips drop,policy security-ips drop,ruleset community; service:http; reference:url,www.virustotal.com/"
3745,,MALWARE-CNC Win.Trojan.AcridRain outbound connection,"alert tcp $HOME_NET any -> $EXTERNAL_NET $HTTP_PORTS ( msg:""MALWARE-CNC Win.Trojan.AcridRain outbound connection""; flow:to_server,established; http_uri; content:""/Libs.zip"",fast_pattern,nocase; http_raw_uri; bufferlen:9; http_header; content:!""User-Agent|3A 20|""; metadata:impact_flag red,policy balanced-ips drop,policy max-detect-ips drop,policy security-ips drop,ruleset community; service:http; reference:url,www.virustotal.com/"
3746,,MALWARE-CNC Win.Trojan.MirageFox variant outbound connection,"alert tcp $HOME_NET any -> $EXTERNAL_NET $HTTP_PORTS ( msg:""MALWARE-CNC Win.Trojan.MirageFox variant outbound connection""; flow:to_server,established; http_uri; content:""/image_download.php?uid="",fast_pattern,nocase; metadata:impact_flag red,policy balanced-ips drop,policy max-detect-ips drop,policy security-ips drop,ruleset community; service:http; reference:url,www.virustotal.com/"
3747,,MALWARE-CNC Win.Trojan.MirageFox variant outbound connection,"alert tcp $HOME_NET any -> $EXTERNAL_NET $HTTP_PORTS ( msg:""MALWARE-CNC Win.Trojan.MirageFox variant outbound connection""; flow:to_server,established; http_uri; content:""/search?gid="",fast_pattern,nocase; http_header; content:""Accept:*/*""; http_method; content:""POST""; metadata:impact_flag red,policy balanced-ips drop,policy max-detect-ips drop,policy security-ips drop,ruleset community; service:http; reference:url,www.virustotal.com/"
3748,,MALWARE-CNC Win.Trojan.ITranslator variant outbound connection,"alert tcp $HOME_NET any -> $EXTERNAL_NET $HTTP_PORTS ( msg:""MALWARE-CNC Win.Trojan.ITranslator variant outbound connection""; flow:to_server,established; http_uri; content:""/dl.itranslator.info/"",fast_pattern,nocase; metadata:impact_flag red,policy balanced-ips drop,policy max-detect-ips drop,policy security-ips drop,ruleset community; service:http; reference:url,www.virustotal.com/"
3749,,MALWARE-CNC Win.Trojan.ITranslator variant outbound connection,"alert tcp $HOME_NET any -> $EXTERNAL_NET $HTTP_PORTS ( msg:""MALWARE-CNC Win.Trojan.ITranslator variant outbound connection""; flow:to_server,established; http_uri; content:""/gl.php?uid="",fast_pattern,nocase; content:""&v=""; content:""&x="",within 20; metadata:impact_flag red,policy balanced-ips drop,policy max-detect-ips drop,policy security-ips drop,ruleset community; service:http; reference:url,www.virustotal.com/"
3750,,MALWARE-CNC Win.Trojan.ITranslator variant outbound connection,"alert tcp $HOME_NET any -> $EXTERNAL_NET $HTTP_PORTS ( msg:""MALWARE-CNC Win.Trojan.ITranslator variant outbound connection""; flow:to_server,established; http_uri; content:""/ufiles/"",fast_pattern,nocase; content:"".dll""; http_header; content:""UID: ""; metadata:impact_flag red,policy balanced-ips drop,policy max-detect-ips drop,policy security-ips drop,ruleset community; service:http; reference:url,www.virustotal.com/"
3751,,MALWARE-CNC Win.Trojan.ITranslator variant outbound connection,"alert tcp $HOME_NET any -> $EXTERNAL_NET $HTTP_PORTS ( msg:""MALWARE-CNC Win.Trojan.ITranslator variant outbound connection""; flow:to_server,established; http_header; content:""User-Agent: ITRANSLATOR|0D 0A|"",fast_pattern,nocase; metadata:impact_flag red,policy balanced-ips drop,policy max-detect-ips drop,policy security-ips drop,ruleset community; service:http; reference:url,www.virustotal.com/"
3752,,MALWARE-CNC Win.Trojan.ITranslator variant outbound connection,"alert tcp $HOME_NET any -> $EXTERNAL_NET $HTTP_PORTS ( msg:""MALWARE-CNC Win.Trojan.ITranslator variant outbound connection""; flow:to_server,established; http_header; content:""UID: P002|0D 0A|"",fast_pattern,nocase; metadata:impact_flag red,policy balanced-ips drop,policy max-detect-ips drop,policy security-ips drop,ruleset community; service:http; reference:url,www.virustotal.com/"
3753,,MALWARE-CNC Win.Trojan.ITranslator variant outbound connection,"alert tcp $HOME_NET any -> $EXTERNAL_NET $HTTP_PORTS ( msg:""MALWARE-CNC Win.Trojan.ITranslator variant outbound connection""; flow:to_server,established; http_uri; content:""/cfg?cb="",fast_pattern,nocase; content:""&guid=""; content:""&uid="",distance 0; content:""&ua="",distance 0; metadata:impact_flag red,policy balanced-ips drop,policy max-detect-ips drop,policy security-ips drop,ruleset community; service:http; reference:url,www.virustotal.com/"
3755,,MALWARE-CNC Win.Trojan.Zebrocy variant outbound connection,"alert tcp $HOME_NET any -> $EXTERNAL_NET $HTTP_PORTS ( msg:""MALWARE-CNC Win.Trojan.Zebrocy variant outbound connection""; flow:to_server,established; http_uri; content:""/technet-support/library/online-service-description.php"",fast_pattern,nocase; metadata:impact_flag red,policy balanced-ips drop,policy max-detect-ips drop,policy security-ips drop,ruleset community; service:http; reference:url,virustotal.com/"
3756,,MALWARE-CNC Win.Trojan.Zebrocy variant outbound connection,"alert tcp $HOME_NET any -> $EXTERNAL_NET $HTTP_PORTS ( msg:""MALWARE-CNC Win.Trojan.Zebrocy variant outbound connection""; flow:to_server,established; http_uri; content:""/advance/portable_version/service.php"",fast_pattern,nocase; metadata:impact_flag red,policy balanced-ips drop,policy max-detect-ips drop,policy security-ips drop,ruleset community; service:http; reference:url,virustotal.com/"
3757,,MALWARE-CNC Win.Trojan.Zebrocy variant outbound connection,"alert tcp $HOME_NET any -> $EXTERNAL_NET $HTTP_PORTS ( msg:""MALWARE-CNC Win.Trojan.Zebrocy variant outbound connection""; flow:to_server,established; http_uri; content:""/pkg/image/do.php"",fast_pattern,nocase; metadata:impact_flag red,policy balanced-ips drop,policy max-detect-ips drop,policy security-ips drop,ruleset community; service:http; reference:url,virustotal.com/"
3758,,MALWARE-CNC Win.Trojan.Zebrocy variant payload download attempt,"alert tcp $HOME_NET any -> $EXTERNAL_NET $HTTP_PORTS ( msg:""MALWARE-CNC Win.Trojan.Zebrocy variant payload download attempt""; flow:to_server,established; http_uri; content:""/Templates/NormalOld.dotm"",fast_pattern,nocase; metadata:impact_flag red,policy balanced-ips drop,policy max-detect-ips drop,policy security-ips drop,ruleset community; service:http; reference:url,virustotal.com/"
3761,,MALWARE-CNC Win.Trojan.Zebrocy variant outbound connection,"alert tcp $HOME_NET any -> $EXTERNAL_NET $HTTP_PORTS ( msg:""MALWARE-CNC Win.Trojan.Zebrocy variant outbound connection""; flow:to_server,established; http_uri; content:""/company-device-support/values/correlate-sec.php"",fast_pattern,nocase; metadata:impact_flag red,policy balanced-ips drop,policy max-detect-ips drop,policy security-ips drop,ruleset community; service:http; reference:url,virustotal.com/"
3762,,MALWARE-CNC Osx.Trojan.WindTail outbound connection,"alert tcp $HOME_NET any -> $EXTERNAL_NET $HTTP_PORTS ( msg:""MALWARE-CNC Osx.Trojan.WindTail outbound connection""; flow:to_server,established; http_uri; content:"".php?very="",fast_pattern,nocase; content:""&xnvk=""; metadata:impact_flag red,policy balanced-ips drop,policy max-detect-ips drop,policy security-ips drop,ruleset community; service:http; reference:url,virustotal.com/"
3763,,MALWARE-CNC Osx.Trojan.WindTail outbound connection,"alert tcp $HOME_NET any -> $EXTERNAL_NET $HTTP_PORTS ( msg:""MALWARE-CNC Osx.Trojan.WindTail outbound connection""; flow:to_server,established; http_header; content:""User-Agent: usrnode/"",fast_pattern,nocase; metadata:impact_flag red,policy balanced-ips drop,policy max-detect-ips drop,policy security-ips drop,ruleset community; service:http; reference:url,virustotal.com/"
3764,,MALWARE-CNC Osx.Trojan.WindTail outbound connection,"alert tcp $HOME_NET any -> $EXTERNAL_NET $HTTP_PORTS ( msg:""MALWARE-CNC Osx.Trojan.WindTail outbound connection""; flow:to_server,established; http_uri; content:""/qgHUDRZiYhOqQiN/kESklNvxsNZQcPl.php"",fast_pattern,nocase; metadata:impact_flag red,policy balanced-ips drop,policy max-detect-ips drop,policy security-ips drop,ruleset community; service:http; reference:url,virustotal.com/"
3766,,MALWARE-CNC Win.Trojan.BitterRAT variant outbound connection,"alert tcp $HOME_NET any -> $EXTERNAL_NET $HTTP_PORTS ( msg:""MALWARE-CNC Win.Trojan.BitterRAT variant outbound connection""; flow:to_server,established; http_uri; content:""/js/drv"",fast_pattern,nocase; http_raw_uri; bufferlen:7; http_header; content:!""Referer:""; metadata:impact_flag red,policy balanced-ips drop,policy max-detect-ips drop,policy security-ips drop,ruleset community; service:http; reference:url,virustotal.com/"
3767,,MALWARE-CNC Win.Trojan.BitterRAT variant outbound connection,"alert tcp $HOME_NET any -> $EXTERNAL_NET $HTTP_PORTS ( msg:""MALWARE-CNC Win.Trojan.BitterRAT variant outbound connection""; flow:to_server,established; http_uri; content:""/ourtyaz/dwnack.php?cId="",fast_pattern,nocase; metadata:impact_flag red,policy balanced-ips drop,policy max-detect-ips drop,policy security-ips drop,ruleset community; service:http; reference:url,virustotal.com/"
3768,,MALWARE-CNC Win.Trojan.BitterRAT variant outbound connection,"alert tcp $HOME_NET any -> $EXTERNAL_NET $HTTP_PORTS ( msg:""MALWARE-CNC Win.Trojan.BitterRAT variant outbound connection""; flow:to_server,established; http_uri; content:""/MarkQuality455/developerbuild.php?b="",fast_pattern,nocase; metadata:impact_flag red,policy balanced-ips drop,policy max-detect-ips drop,policy security-ips drop,ruleset community; service:http; reference:url,virustotal.com/"
3769,,MALWARE-CNC Win.Trojan.BitterRAT variant outbound connection,"alert tcp $HOME_NET any -> $EXTERNAL_NET $HTTP_PORTS ( msg:""MALWARE-CNC Win.Trojan.BitterRAT variant outbound connection""; flow:to_server,established; http_uri; content:""/purchase61dfdusfdsu/costnbenifit8889.php?p="",fast_pattern,nocase; metadata:impact_flag red,policy balanced-ips drop,policy max-detect-ips drop,policy security-ips drop,ruleset community; service:http; reference:url,virustotal.com/"
3770,,MALWARE-CNC Win.Trojan.BitterRAT variant outbound connection,"alert tcp $HOME_NET any -> $EXTERNAL_NET $HTTP_PORTS ( msg:""MALWARE-CNC Win.Trojan.BitterRAT variant outbound connection""; flow:to_server,established; http_uri; content:""/ourtyaz/qwe.php?TIe="",fast_pattern,nocase; metadata:impact_flag red,policy balanced-ips drop,policy max-detect-ips drop,policy security-ips drop,ruleset community; service:http; reference:url,virustotal.com/"
3771,,MALWARE-CNC Win.Trojan.BitterRAT variant outbound connection,"alert tcp $HOME_NET any -> $EXTERNAL_NET $HTTP_PORTS ( msg:""MALWARE-CNC Win.Trojan.BitterRAT variant outbound connection""; flow:to_server,established; http_uri; content:""/winter/zxd.php?TIe="",fast_pattern,nocase; metadata:impact_flag red,policy balanced-ips drop,policy max-detect-ips drop,policy security-ips drop,ruleset community; service:http; reference:url,virustotal.com/"
3772,,MALWARE-CNC Win.Trojan.Zebrocy variant outbound connection,"alert tcp $HOME_NET any -> $EXTERNAL_NET $HTTP_PORTS ( msg:""MALWARE-CNC Win.Trojan.Zebrocy variant outbound connection""; flow:to_server,established; http_uri; content:""/software-apptication/help-support-apl/getidpolapl.php"",fast_pattern,nocase; metadata:impact_flag red,policy balanced-ips drop,policy max-detect-ips drop,policy security-ips drop,ruleset community; service:http; reference:url,virustotal.com/"
3823,,PUA-ADWARE Osx.Adware.FairyTail variant outbound connection detected,"alert tcp $HOME_NET any -> $EXTERNAL_NET $HTTP_PORTS ( msg:""PUA-ADWARE Osx.Adware.FairyTail variant outbound connection detected""; flow:to_server,established; http_header; content:""User-Agent: SpellingChecker/22"",fast_pattern,nocase; metadata:policy max-detect-ips drop,policy security-ips drop,ruleset community; service:http; reference:url,virustotal.com/"
3824,,PUA-ADWARE Osx.Adware.Genieo variant outbound connection detected,"alert tcp $HOME_NET any -> $EXTERNAL_NET $HTTP_PORTS ( msg:""PUA-ADWARE Osx.Adware.Genieo variant outbound connection detected""; flow:to_server,established; http_header; content:""User-Agent: LinqurySearch"",fast_pattern,nocase; metadata:policy max-detect-ips drop,policy security-ips drop,ruleset community; service:http; reference:url,virustotal.com/"
3825,,PUA-ADWARE Osx.Adware.MacSearch variant outbound connection detected,"alert tcp $HOME_NET any -> $EXTERNAL_NET $HTTP_PORTS ( msg:""PUA-ADWARE Osx.Adware.MacSearch variant outbound connection detected""; flow:to_server,established; http_header; content:""User-Agent: macsearch/1 CFNetwork/"",fast_pattern,nocase; metadata:policy max-detect-ips drop,policy security-ips drop,ruleset community; service:http; reference:url,virustotal.com/"
3828,,MALWARE-CNC Win.Trojan.Zebrocy variant outbound connection,"alert tcp $HOME_NET any -> $EXTERNAL_NET $HTTP_PORTS ( msg:""MALWARE-CNC Win.Trojan.Zebrocy variant outbound connection""; flow:to_server,established; http_uri; content:""/help-desk/remote-assistant-service/PostId.php?q="",fast_pattern,nocase; metadata:impact_flag red,policy balanced-ips drop,policy max-detect-ips drop,policy security-ips drop,ruleset community; service:http; reference:url,virustotal.com/"
3829,,MALWARE-CNC Win.Trojan.Zebrocy variant outbound connection,"alert tcp $HOME_NET any -> $EXTERNAL_NET $HTTP_PORTS ( msg:""MALWARE-CNC Win.Trojan.Zebrocy variant outbound connection""; flow:to_server,established; http_uri; content:""/ministerstvo-energetiki/seminars/2019/06/Seminar.rtf"",fast_pattern,nocase; metadata:impact_flag red,policy balanced-ips drop,policy max-detect-ips drop,policy security-ips drop,ruleset community; service:http; reference:url,virustotal.com/"
3830,,MALWARE-CNC Win.Trojan.Zebrocy variant outbound connection,"alert tcp $HOME_NET any -> $EXTERNAL_NET [139,445] ( msg:""MALWARE-CNC Win.Trojan.Zebrocy variant outbound connection""; flow:to_server,established; content:""S|00|e|00|m|00|i|00|n|00|a|00|r|00|_|00|2|00|0|00|1|00|8|00|_|00|1|00|.|00|A|00|O|00|-|00|A|00|"",fast_pattern,nocase; metadata:impact_flag red,policy balanced-ips drop,policy max-detect-ips drop,policy security-ips drop,ruleset community; service:netbios-ssn; reference:url,virustotal.com/"
3832,,MALWARE-CNC Win.Trojan.Fakewmi variant outbound connection attempt,"alert tcp $HOME_NET any -> $EXTERNAL_NET $HTTP_PORTS ( msg:""MALWARE-CNC Win.Trojan.Fakewmi variant outbound connection attempt""; flow:to_server,established; http_uri; content:"".png?ID="",fast_pattern,nocase; content:""&MAC=""; content:""&OS=""; content:""&BIT=""; metadata:impact_flag red,policy balanced-ips drop,policy max-detect-ips drop,policy security-ips drop,ruleset community; service:http; reference:url,www.virustotal.com/"
3833,,MALWARE-CNC Win.Trojan.Fakewmi variant outbound connection attempt,"alert tcp $HOME_NET any -> $EXTERNAL_NET $HTTP_PORTS ( msg:""MALWARE-CNC Win.Trojan.Fakewmi variant outbound connection attempt""; flow:to_server,established; http_uri; content:"".exez?ID="",fast_pattern,nocase; content:""&GUID=""; content:""&_T=""; metadata:impact_flag red,policy balanced-ips drop,policy max-detect-ips drop,policy security-ips drop,ruleset community; service:http; reference:url,www.virustotal.com/"
3854,,MALWARE-CNC Win.Downloader.TeamBot outbound cnc connection,"alert tcp $HOME_NET any -> $EXTERNAL_NET $HTTP_PORTS ( msg:""MALWARE-CNC Win.Downloader.TeamBot outbound cnc connection""; flow:to_server,established; http_uri; content:""/7773/index.php"",fast_pattern,nocase; http_raw_uri; bufferlen:15; http_client_body; content:""&string=""; metadata:impact_flag red,policy balanced-ips drop,policy max-detect-ips drop,policy security-ips drop,ruleset community; service:http; reference:url,www.virustotal.com/"
3855,,MALWARE-CNC Win.Trojan.TeamBot outbound cnc connection,"alert tcp $HOME_NET any -> $EXTERNAL_NET $HTTP_PORTS ( msg:""MALWARE-CNC Win.Trojan.TeamBot outbound cnc connection""; flow:to_server,established; http_uri; content:""/php/gate.php"",fast_pattern,nocase; http_client_body; content:""key="",nocase; content:""&string="",distance 0,nocase; metadata:impact_flag red,policy balanced-ips drop,policy max-detect-ips drop,policy security-ips drop,ruleset community; service:http; reference:url,www.virustotal.com/"
3856,,MALWARE-CNC Win.Downloader.TeamBot additional payload download attempt,"alert tcp $HOME_NET any -> $EXTERNAL_NET $HTTP_PORTS ( msg:""MALWARE-CNC Win.Downloader.TeamBot additional payload download attempt""; flow:to_server,established; http_uri; content:""/7773/plug/"",fast_pattern,nocase; content:"".ahk""; metadata:impact_flag red,policy balanced-ips drop,policy max-detect-ips drop,policy security-ips drop,ruleset community; service:http; reference:url,www.virustotal.com/"
3857,,MALWARE-CNC Win.Trojan.TeamBot outbound cnc connection,"alert tcp $HOME_NET any -> $EXTERNAL_NET $HTTP_PORTS ( msg:""MALWARE-CNC Win.Trojan.TeamBot outbound cnc connection""; flow:to_server,established; http_uri; content:""/?gate&hwid="",fast_pattern,nocase; content:""&pwd=""; content:""pcuser"",distance 0; content:""admin"",distance 0; metadata:impact_flag red,policy balanced-ips drop,policy max-detect-ips drop,policy security-ips drop,ruleset community; service:http; reference:url,www.virustotal.com/"
3858,,MALWARE-CNC Win.Downloader.TeamBot additional payload download attempt,"alert tcp $HOME_NET any -> $EXTERNAL_NET $HTTP_PORTS ( msg:""MALWARE-CNC Win.Downloader.TeamBot additional payload download attempt""; flow:to_server,established; http_uri; content:""/7773/plug/htv/tv.dll"",fast_pattern,nocase; metadata:impact_flag red,policy balanced-ips drop,policy max-detect-ips drop,policy security-ips drop,ruleset community; service:http; reference:url,www.virustotal.com/"
3859,,MALWARE-CNC Win.Trojan.TeamBot outbound cnc connection,"alert tcp $HOME_NET any -> $EXTERNAL_NET $HTTP_PORTS ( msg:""MALWARE-CNC Win.Trojan.TeamBot outbound cnc connection""; flow:to_server,established; http_client_body; content:""logincreds="",fast_pattern,nocase; content:""isAdmin=""; content:""antivirus=""; content:""commentary=""; metadata:impact_flag red,policy balanced-ips drop,policy max-detect-ips drop,policy security-ips drop,ruleset community; service:http; reference:url,www.virustotal.com/"
3860,,MALWARE-CNC Win.Downloader.TeamBot outbound cnc connection,"alert tcp $HOME_NET any -> $EXTERNAL_NET $HTTP_PORTS ( msg:""MALWARE-CNC Win.Downloader.TeamBot outbound cnc connection""; flow:to_server,established; http_uri; content:""/7773/uploads/upload.php"",fast_pattern,nocase; metadata:impact_flag red,policy balanced-ips drop,policy max-detect-ips drop,policy security-ips drop,ruleset community; service:http; reference:url,www.virustotal.com/"
3864,,MALWARE-CNC Win.Downloader.TeamBot additional payload download attempt,"alert tcp $HOME_NET any -> $EXTERNAL_NET $HTTP_PORTS ( msg:""MALWARE-CNC Win.Downloader.TeamBot additional payload download attempt""; flow:to_server,established; http_uri; content:"".exe"",fast_pattern,nocase; http_raw_uri; bufferlen:6; http_header; content:""User-Agent: Microsoft Internet Explorer|0D 0A|""; content:!""Connection""; content:!""Accept""; metadata:impact_flag red,policy balanced-ips drop,policy max-detect-ips drop,policy security-ips drop,ruleset community; service:http; reference:url,virustotal.com/"
3865,,MALWARE-CNC Win.Downloader.TeamBot outbound cnc connection,"alert tcp $HOME_NET any -> $EXTERNAL_NET $HTTP_PORTS ( msg:""MALWARE-CNC Win.Downloader.TeamBot outbound cnc connection""; flow:to_server,established; http_uri; content:""/get.php?pid="",fast_pattern,nocase; http_header; content:""User-Agent: Microsoft Internet Explorer|0D 0A|""; content:!""Connection""; content:!""Accept""; metadata:impact_flag red,policy balanced-ips drop,policy max-detect-ips drop,policy security-ips drop,ruleset community; service:http; reference:url,virustotal.com/"
3889,,MALWARE-CNC Js.Trojan.FakeUpdate outbound connection,"alert tcp $HOME_NET any -> $EXTERNAL_NET $HTTP_PORTS ( msg:""MALWARE-CNC Js.Trojan.FakeUpdate outbound connection""; flow:to_server,established; content:""POST /1x1.png HTTP/"",fast_pattern,nocase; metadata:impact_flag red,policy balanced-ips drop,policy max-detect-ips drop,policy security-ips drop,ruleset community; service:http; reference:url,www.virustotal.com/"
